,rallyid,frameid,strokeid,hitter,receiver,isserve,serve,type,stroke,hitter_x,hitter_y,receiver_x,receiver_y,time
0,1,70877,1,Djokovic,Nadal,True,first,serve,forehand,6.5,-0.24,1.03,27.44,0.0
1,1,70900,2,Nadal,Djokovic,False,first,slice,backhand,0.05,25.59,6.17,1.11,0.92
2,1,70950,3,Djokovic,Nadal,False,first,topspin,forehand,1.42,2.33,4.75,26.45,2.9200000000000004
3,2,71488,1,Djokovic,Nadal,True,first,serve,forehand,4.48,-0.01,7.9,26.83,24.44
4,3,71796,1,Djokovic,Nadal,True,second,serve,forehand,4.48,-0.37,7.88,26.47,36.760000000000005
5,3,71820,2,Nadal,Djokovic,False,second,slice,forehand,7.4,24.79,4.47,0.19,37.72
6,3,71860,3,Djokovic,Nadal,False,second,topspin,backhand,1.66,0.43,6.12,25.84,39.32
7,3,71900,4,Nadal,Djokovic,False,second,topspin,forehand,8.14,27.07,3.12,-0.94,40.92
8,4,72470,1,Djokovic,Nadal,True,first,serve,forehand,6.44,-0.27,0.96,26.71,63.720000000000006
9,5,72790,1,Djokovic,Nadal,True,second,serve,forehand,6.17,-0.22,0.54,27.32,76.52000000000001
10,5,72800,2,Djokovic,Nadal,True,second,serve,forehand,6.43,-0.1,0.93,27.08,76.92
11,6,73280,1,Djokovic,Nadal,True,first,serve,forehand,4.45,-0.25,7.81,28.35,96.12
12,6,73300,2,Nadal,Djokovic,False,first,topspin,forehand,8.84,27.57,4.47,1.26,96.92
13,6,73330,3,Djokovic,Nadal,False,first,topspin,backhand,1.57,1.37,8.12,26.94,98.12
14,6,73360,4,Nadal,Djokovic,False,first,topspin,forehand,8.96,26.45,1.66,1.41,99.32000000000001
15,6,73390,5,Djokovic,Nadal,False,first,topspin,forehand,3.11,-0.08,7.66,26.09,100.52000000000001
16,6,73420,6,Nadal,Djokovic,False,first,topspin,forehand,7.35,25.14,3.55,-0.94,101.72000000000001
17,6,73440,7,Djokovic,Nadal,False,first,topspin,backhand,3.25,-0.08,6.42,25.37,102.52000000000001
18,6,73480,8,Nadal,Djokovic,False,first,topspin,forehand,8.38,28.74,3.86,-1.16,104.12
19,6,73510,9,Djokovic,Nadal,False,first,topspin,backhand,1.11,-0.62,7.12,26.33,105.32000000000001
20,6,73540,10,Nadal,Djokovic,False,first,slice,backhand,3.03,27.07,2.05,-0.71,106.52000000000001
21,7,75561,1,Nadal,Djokovic,True,first,serve,forehand,5.5,-0.17,1.66,26.12,187.36
22,8,75885,1,Nadal,Djokovic,True,second,serve,forehand,5.48,-0.4,1.64,23.86,200.32000000000002
23,8,75905,2,Djokovic,Nadal,False,first,return,backhand,3.82,24.33,5.83,1.29,201.12
24,8,75935,3,Nadal,Djokovic,False,first,topspin,forehand,5.49,-0.32,5.26,25.26,202.32000000000002
25,8,75965,4,Djokovic,Nadal,False,first,topspin,backhand,7.78,25.14,4.38,-1.38,203.52
26,8,76005,5,Nadal,Djokovic,False,first,topspin,backhand,7.8,-1.16,4.7,26.94,205.12
27,8,76035,6,Djokovic,Nadal,False,first,topspin,forehand,1.54,25.97,6.76,-1.16,206.32000000000002
28,8,76065,7,Nadal,Djokovic,False,first,topspin,forehand,2.72,-1.83,4.42,25.61,207.52
29,9,76822,1,Nadal,Djokovic,True,first,serve,forehand,4.22,-0.27,8.63,25.76,237.8
30,9,76845,2,Djokovic,Nadal,False,first,return,forehand,6.84,25.49,5.51,1.11,238.72000000000003
31,9,76865,3,Nadal,Djokovic,False,first,topspin,forehand,6.5,-0.42,5.32,26.45,239.52
32,9,76905,4,Djokovic,Nadal,False,first,topspin,forehand,2.05,28.08,6.49,-1.47,241.12
33,9,76935,5,Nadal,Djokovic,False,first,topspin,forehand,2.53,-1.53,4.23,27.07,242.32000000000002
34,9,76975,6,Djokovic,Nadal,False,first,topspin,backhand,7.37,25.26,3.38,-1.59,243.92000000000002
35,9,77005,7,Nadal,Djokovic,False,first,topspin,backhand,5.73,-0.75,5.55,26.33,245.12
36,9,77045,8,Djokovic,Nadal,False,first,topspin,forehand,2.42,26.82,6.23,-1.56,246.72000000000003
37,9,77075,9,Nadal,Djokovic,False,first,topspin,backhand,7.85,-1.95,3.81,26.09,247.92000000000002
38,9,77105,10,Djokovic,Nadal,False,first,topspin,forehand,6.12,25.97,6.12,-2.16,249.12
39,9,77135,11,Nadal,Djokovic,False,first,topspin,forehand,1.03,-1.19,7.17,25.97,250.32000000000002
40,9,77185,12,Djokovic,Nadal,False,first,topspin,backhand,9.54,24.91,3.49,-0.49,252.32000000000002
41,10,77992,1,Nadal,Djokovic,True,first,serve,forehand,5.21,-0.4,0.68,26.59,284.6
42,11,78015,1,Djokovic,Nadal,False,first,return,forehand,-0.74,25.49,5.96,2.85,285.52000000000004
43,11,78578,2,Nadal,Djokovic,True,first,serve,forehand,5.53,-0.43,1.41,25.65,308.04
44,11,78605,3,Djokovic,Nadal,False,first,slice,backhand,4.0,25.84,6.59,1.04,309.12
45,11,78635,4,Nadal,Djokovic,False,first,topspin,forehand,4.07,4.39,4.8,27.32,310.32
46,12,79431,1,Nadal,,True,first,serve,forehand,4.87,-2.58,,,342.16
47,13,80085,1,Nadal,Djokovic,True,second,serve,forehand,4.1,-0.02,8.37,27.32,368.32000000000005
48,13,80105,2,Djokovic,Nadal,False,first,topspin,forehand,8.1,26.09,5.14,1.44,369.12
49,13,80125,3,Nadal,Djokovic,False,first,topspin,forehand,4.2,1.75,6.57,26.69,369.92
50,13,80155,4,Djokovic,Nadal,False,first,topspin,forehand,3.53,27.57,4.55,1.07,371.12
51,13,80185,5,Nadal,Djokovic,False,first,topspin,backhand,6.44,-0.87,4.33,27.19,372.32000000000005
52,13,80225,6,Djokovic,Nadal,False,first,topspin,backhand,5.28,25.26,5.73,-0.91,373.92
53,13,80255,7,Nadal,Djokovic,False,first,topspin,forehand,4.11,-0.68,5.32,26.69,375.12
54,13,80295,8,Djokovic,Nadal,False,first,topspin,forehand,3.72,26.21,5.15,-1.8,376.72
55,13,80325,9,Nadal,Djokovic,False,first,topspin,backhand,7.6,-1.68,3.97,26.94,377.92
56,13,80355,10,Djokovic,Nadal,False,first,topspin,forehand,1.94,25.02,6.78,-2.16,379.12
57,13,80385,11,Nadal,Djokovic,False,first,topspin,forehand,6.97,-1.74,3.19,27.19,380.32000000000005
58,13,80425,12,Djokovic,Nadal,False,first,topspin,backhand,7.71,25.84,4.78,-1.16,381.92
59,13,80455,13,Nadal,Djokovic,False,first,topspin,backhand,7.03,-0.55,5.85,26.33,383.12
60,14,81279,1,Nadal,Djokovic,True,first,serve,forehand,5.45,-0.14,1.21,27.82,416.08000000000004
61,14,81305,2,Djokovic,Nadal,False,first,slice,forehand,-0.69,27.45,6.2,1.71,417.12
62,14,81345,3,Nadal,Djokovic,False,first,topspin,forehand,9.3,2.77,3.12,25.37,418.72
63,15,82425,1,Djokovic,Nadal,True,first,serve,forehand,3.52,21.85,9.61,-3.57,461.92
64,15,82445,2,Nadal,Djokovic,False,first,topspin,forehand,7.38,-2.53,3.92,21.45,462.72
65,16,82985,1,Djokovic,Nadal,True,first,serve,forehand,5.43,28.35,2.06,-0.49,484.32000000000005
66,17,83275,1,Djokovic,Nadal,True,first,serve,forehand,5.45,27.57,1.83,-1.16,495.92
67,17,83305,2,Nadal,Djokovic,False,first,topspin,backhand,2.7,-0.29,5.32,28.21,497.12
68,17,83345,3,Djokovic,Nadal,False,first,topspin,forehand,5.04,29.82,4.78,0.75,498.72
69,17,83375,4,Nadal,Djokovic,False,first,topspin,forehand,2.51,0.97,5.15,30.93,499.92
70,18,83935,1,Djokovic,Nadal,True,first,serve,forehand,2.77,24.11,9.13,-2.98,522.32
71,18,83955,2,Nadal,__undefined__,False,first,topspin,forehand,7.02,-1.47,3.19,23.33,523.12
72,18,83995,3,Djokovic,Nadal,False,first,topspin,forehand,1.43,23.33,5.78,-3.31,524.72
73,18,84025,4,Nadal,Djokovic,False,first,slice,backhand,9.2,-2.19,2.27,24.33,525.9199999990001
74,18,84075,5,Djokovic,Nadal,False,first,topspin,backhand,4.71,21.65,4.76,-0.97,527.9199999990001
75,18,84095,6,Nadal,__undefined__,False,first,slice,backhand,7.15,-0.22,4.24,21.96,528.72
76,19,84605,1,Djokovic,Nadal,True,first,serve,forehand,5.32,27.19,1.71,-1.13,549.12
77,20,87389,1,Nadal,Djokovic,True,first,serve,forehand,3.2,20.22,7.68,-3.25,660.48
78,20,87407,2,Djokovic,Nadal,False,first,return,forehand,7.24,-2.62,2.92,19.5,661.2
79,20,87447,3,Nadal,Djokovic,False,first,topspin,backhand,-0.12,20.16,5.77,-3.09,662.8000000000001
80,20,87473,4,Djokovic,Nadal,False,first,topspin,forehand,8.24,-2.87,0.39,21.24,663.84
81,20,87513,5,Nadal,Djokovic,False,first,topspin,forehand,6.2,24.68,4.81,-2.3,665.44
82,20,87559,6,Djokovic,Nadal,False,first,topspin,backhand,0.61,0.68,6.39,26.94,667.2800000000001
83,20,87591,7,Nadal,Djokovic,False,first,topspin,backhand,2.97,28.47,3.04,-0.29,668.5600000000001
84,20,87621,8,Djokovic,Nadal,False,first,slice,backhand,1.63,-1.16,2.39,27.83,669.76
85,20,87666,9,Nadal,Djokovic,False,first,topspin,forehand,2.59,22.17,5.14,-1.22,671.5600000000001
86,20,87692,10,Djokovic,Nadal,False,first,topspin,forehand,7.85,-1.22,2.89,18.94,672.6
87,20,87712,11,Nadal,Djokovic,False,first,volley,backhand,2.94,17.43,7.48,-1.06,673.4000000000001
88,20,87756,12,Djokovic,Nadal,False,first,topspin,backhand,3.23,7.11,3.84,17.01,675.1600000000001
89,21,88587,1,Nadal,,True,first,serve,forehand,6.34,13.47,,,708.4000000000001
90,22,88917,1,Nadal,Djokovic,True,second,serve,forehand,5.14,24.45,0.94,0.29,721.6
91,22,88936,2,Djokovic,Nadal,False,first,topspin,forehand,0.97,0.61,4.58,22.37,722.36
92,23,89587,1,Nadal,Djokovic,True,first,serve,forehand,3.0,24.0,7.87,-2.27,748.4000000000001
93,23,89608,2,Djokovic,Nadal,False,first,topspin,backhand,5.18,-1.25,2.75,22.06,749.24
94,24,90081,1,Nadal,Djokovic,True,first,serve,forehand,3.01,24.56,7.8,-1.83,768.1600000000001
95,24,90099,2,Djokovic,Nadal,False,first,topspin,forehand,8.24,-1.19,2.78,22.17,768.88
96,24,90127,3,Nadal,Djokovic,False,first,topspin,backhand,-0.01,22.69,7.28,-0.25,770.0
97,24,90165,4,Djokovic,Nadal,False,first,topspin,backhand,4.07,-0.08,2.17,26.33,771.5200000000001
98,25,90798,1,Nadal,Djokovic,True,first,serve,forehand,5.24,24.68,0.92,-0.87,796.84
99,25,90818,2,Djokovic,Nadal,False,first,topspin,backhand,-1.1,1.22,4.67,24.11,797.6400000000001
100,25,90861,3,Nadal,Djokovic,False,first,topspin,forehand,9.74,23.77,1.67,-0.42,799.36
101,26,91583,1,Nadal,Djokovic,True,first,serve,forehand,3.96,24.11,8.1,-2.04,828.24
102,26,91601,2,Djokovic,Nadal,False,first,topspin,backhand,5.8,-0.97,3.51,22.69,828.96
103,26,91643,3,Nadal,Djokovic,False,first,topspin,backhand,1.07,23.77,5.48,-2.39,830.6400000000001
104,26,91672,4,Djokovic,Nadal,False,first,topspin,forehand,9.31,-2.16,1.24,25.02,831.8000000000001
105,26,91701,5,Nadal,Djokovic,False,first,topspin,forehand,3.86,25.49,7.37,-1.71,832.96
106,26,91739,6,Djokovic,Nadal,False,first,topspin,backhand,1.49,-0.02,8.34,26.33,834.48
107,26,91769,7,Nadal,Djokovic,False,first,topspin,backhand,6.02,26.57,2.7,0.93,835.6800000000001
108,27,92575,1,Nadal,Djokovic,True,first,serve,forehand,6.11,25.49,1.17,-1.06,867.9200000000001
109,28,92914,1,Nadal,Djokovic,True,first,serve,forehand,6.09,24.11,1.12,-0.62,881.48
110,28,92935,2,Djokovic,Nadal,False,first,topspin,forehand,0.76,-0.02,5.19,22.48,882.32
111,29,93622,1,Nadal,,True,first,serve,forehand,3.62,24.79,,,909.8000000000001
112,29,93642,2,Djokovic,Nadal,False,first,topspin,forehand,8.98,-1.95,3.06,23.01,910.6
113,30,94318,1,Nadal,Djokovic,True,first,serve,forehand,5.72,25.73,1.01,-1.19,937.6400000000001
114,30,94338,2,Djokovic,Nadal,False,first,topspin,backhand,-1.23,1.04,5.45,24.0,938.44
115,30,94372,3,Nadal,__undefined__,False,first,topspin,forehand,6.25,23.89,1.06,1.22,939.8000000000001
116,30,94403,4,Djokovic,Nadal,False,first,topspin,forehand,6.37,-1.56,3.86,23.44,941.0400000000001
117,31,95498,1,Djokovic,Nadal,True,first,serve,forehand,5.97,1.78,1.12,24.11,984.84
118,32,96009,1,Djokovic,__undefined__,True,first,serve,forehand,4.22,0.09,7.44,29.54,1005.2800000000001
119,32,96029,2,Nadal,Djokovic,False,first,slice,backhand,4.75,27.7,4.19,0.86,1006.08
120,32,96096,3,Djokovic,Nadal,False,first,topspin,forehand,2.94,1.11,4.52,29.14,1008.7600000000001
121,32,96121,4,Nadal,__undefined__,False,first,topspin,forehand,7.21,29.27,3.03,1.11,1009.7600000000001
122,32,96160,5,Djokovic,Nadal,False,first,topspin,backhand,1.83,0.09,6.32,28.21,1011.32
123,32,96192,6,Nadal,Djokovic,False,first,topspin,backhand,2.75,26.09,3.97,-0.42,1012.6
124,33,96780,1,Djokovic,Nadal,True,first,serve,forehand,5.88,0.09,-0.48,28.47,1036.1199999990001
125,34,97264,1,Djokovic,Nadal,True,first,serve,forehand,4.02,-0.15,7.27,29.27,1055.48
126,34,97282,2,Nadal,Djokovic,False,first,return,forehand,8.03,26.82,3.89,0.86,1056.2
127,34,97321,3,Djokovic,Nadal,False,first,topspin,backhand,1.95,1.52,6.12,27.57,1057.76
128,34,97348,4,Nadal,Djokovic,False,first,topspin,forehand,7.98,26.82,2.72,0.82,1058.8399999990002
129,34,97379,5,Djokovic,Nadal,False,first,topspin,backhand,2.57,1.07,6.42,26.45,1060.0799999990002
130,35,100285,1,Nadal,__undefined__,True,first,serve,forehand,5.45,-0.58,1.12,26.82,1176.3200000000002
131,36,100620,1,Nadal,Djokovic,True,second,serve,forehand,5.46,-0.49,1.18,24.68,1189.72
132,36,100643,2,Djokovic,Nadal,False,first,topspin,backhand,2.24,24.45,5.87,0.82,1190.64
133,36,100674,3,Nadal,Djokovic,False,first,topspin,forehand,4.6,-0.94,3.95,24.56,1191.88
134,37,101276,1,Nadal,Djokovic,True,first,serve,forehand,3.91,-0.78,8.46,25.84,1215.96
135,37,101297,2,Djokovic,Nadal,False,first,return,backhand,11.36,24.79,4.71,1.29,1216.8000000000002
136,38,101945,1,Nadal,Djokovic,True,first,serve,forehand,5.45,-0.91,1.38,25.02,1242.72
137,38,101963,2,Djokovic,Nadal,False,first,slice,backhand,4.06,24.45,5.72,0.82,1243.44
138,38,102023,3,Nadal,Djokovic,False,first,topspin,forehand,6.96,8.13,5.63,23.67,1245.8400000000001
139,39,102753,1,Nadal,Djokovic,True,first,serve,forehand,5.26,-2.84,3.95,8.57,1275.0400000000002
140,40,103533,1,Nadal,Djokovic,True,second,serve,forehand,3.96,-0.58,8.51,24.45,1306.24
141,40,103554,2,Djokovic,Nadal,False,first,topspin,forehand,8.11,24.22,4.81,0.71,1307.0800000000002
142,40,103586,3,Nadal,Djokovic,False,second,topspin,forehand,1.67,-0.05,6.52,25.02,1308.3600000000001
143,40,103617,4,Djokovic,__undefined__,False,first,topspin,forehand,3.7,25.49,2.37,-0.75,1309.6000000000001
144,40,103644,5,Nadal,Djokovic,False,first,topspin,forehand,3.76,-0.71,5.01,25.37,1310.68
145,40,103681,6,Djokovic,Nadal,False,first,topspin,forehand,7.48,25.37,4.75,-2.53,1312.16
146,40,103709,7,Nadal,__undefined__,False,first,topspin,forehand,2.98,-2.62,7.28,24.91,1313.28
147,40,103742,8,Djokovic,Nadal,False,first,topspin,backhand,8.23,24.56,3.75,-2.22,1314.6000000000001
148,40,103770,9,Nadal,Djokovic,False,first,topspin,forehand,0.86,-0.94,7.4,23.67,1315.72
149,40,103806,10,Djokovic,Nadal,False,first,topspin,backhand,8.3,22.17,2.34,-1.41,1317.16
150,40,103831,11,Nadal,__undefined__,False,first,topspin,forehand,0.73,-1.06,8.18,23.67,1318.16
151,41,104640,1,Nadal,Djokovic,True,first,serve,forehand,5.5,-0.75,1.31,25.73,1350.52
152,42,104999,1,Nadal,Djokovic,True,second,serve,forehand,5.44,-0.55,1.44,24.0,1364.88
153,42,105019,2,Djokovic,Nadal,False,first,topspin,backhand,2.65,24.0,5.89,1.0,1365.68
154,42,105082,3,Nadal,__undefined__,False,first,slice,forehand,6.01,8.52,4.6,22.37,1368.2
155,42,105107,4,Djokovic,Nadal,False,first,volley,backhand,7.14,19.69,5.39,10.04,1369.2
156,42,105178,5,Nadal,__undefined__,False,first,topspin,backhand,7.04,-0.32,5.04,16.18,1372.0400000000002
157,42,105194,6,Djokovic,Nadal,False,first,volley,forehand,3.4,16.67,6.66,-1.38,1372.68
158,43,106131,1,Nadal,Djokovic,True,first,serve,forehand,4.05,-0.65,8.67,27.19,1410.16
159,43,106150,2,Djokovic,Nadal,False,first,return,backhand,9.5,25.37,4.96,0.86,1410.92
160,44,107122,1,Djokovic,Nadal,True,first,serve,forehand,3.48,22.9,9.56,-3.09,1449.8000000000002
161,44,107147,2,Nadal,__undefined__,False,first,return,backhand,10.69,-1.65,3.07,22.69,1450.8000000000002
162,44,107182,3,Djokovic,Nadal,False,first,topspin,forehand,1.8,22.27,7.43,-1.86,1452.2
163,44,107210,4,Nadal,Djokovic,False,first,topspin,forehand,3.34,-2.5,3.77,22.69,1453.3200000000002
164,44,107252,5,Djokovic,Nadal,False,first,stop,backhand,8.26,21.55,3.5,-1.83,1455.0
165,44,107305,6,Nadal,Djokovic,False,first,slice,backhand,5.74,7.53,5.39,16.92,1457.1200000000001
166,44,107326,7,Djokovic,Nadal,False,first,volley,backhand,6.94,16.51,5.9,8.8,1457.96
167,44,107349,8,Nadal,Djokovic,False,first,smash,backhand,7.06,8.46,6.72,17.43,1458.88
168,45,108041,1,Djokovic,Nadal,True,first,serve,forehand,4.85,26.57,1.92,-1.1,1486.5600000000002
169,46,108397,1,Djokovic,Nadal,True,second,serve,forehand,5.03,27.95,1.83,-1.32,1500.8000000000002
170,46,108431,2,Nadal,Djokovic,False,second,return,forehand,1.54,-0.39,5.23,28.87,1502.16
171,46,108465,3,Djokovic,Nadal,False,second,topspin,backhand,6.65,28.35,3.25,0.75,1503.52
172,46,108493,4,Nadal,Djokovic,False,second,topspin,forehand,2.01,0.78,5.96,27.45,1504.64
173,46,108524,5,Djokovic,Nadal,False,second,topspin,backhand,7.44,27.07,3.11,0.5,1505.88
174,46,108550,6,Nadal,Djokovic,False,first,topspin,forehand,2.98,0.93,6.43,26.94,1506.92
175,46,108580,7,Djokovic,Nadal,False,second,topspin,forehand,2.92,28.47,4.95,0.47,1508.1200000000001
176,46,108608,8,Nadal,Djokovic,False,second,slice,backhand,7.22,0.26,3.67,28.35,1509.24
177,46,108649,9,Djokovic,Nadal,False,first,topspin,forehand,4.51,25.73,5.67,-1.35,1510.88
178,46,108680,10,Nadal,Djokovic,False,second,topspin,forehand,2.48,-1.47,5.06,26.82,1512.1200000000001
179,46,108715,11,Djokovic,__undefined__,False,first,topspin,backhand,7.24,26.33,3.53,-1.19,1513.52
180,46,108746,12,Nadal,__undefined__,False,first,slice,backhand,8.12,-1.28,5.23,26.57,1514.76
181,46,108787,13,Djokovic,Nadal,False,second,topspin,forehand,6.25,24.68,6.15,-1.59,1516.4
182,46,108815,14,Nadal,Djokovic,False,first,topspin,forehand,1.3,-1.53,6.27,26.21,1517.52
183,47,109577,1,Djokovic,Nadal,True,first,serve,forehand,2.73,25.26,9.5,-3.36,1548.0
184,48,109895,1,Djokovic,Nadal,True,second,serve,forehand,2.55,24.33,8.81,-1.71,1560.72
185,48,109915,2,Nadal,__undefined__,False,first,topspin,forehand,7.02,-0.55,3.05,24.22,1561.5200000000002
186,48,109954,3,Djokovic,Nadal,False,second,topspin,backhand,5.62,23.12,4.83,-1.62,1563.0800000000002
187,48,109981,4,Nadal,Djokovic,False,second,topspin,forehand,2.18,-0.22,5.38,24.56,1564.16
188,49,110583,1,Djokovic,Nadal,True,first,serve,forehand,5.15,27.32,1.71,-1.25,1588.24
189,49,110603,2,Nadal,Djokovic,False,first,topspin,forehand,0.71,0.12,5.17,26.45,1589.0400000000002
190,49,110632,3,Djokovic,Nadal,False,first,topspin,backhand,6.34,25.61,2.06,0.33,1590.2
191,50,113669,1,Nadal,Djokovic,True,first,serve,forehand,4.04,24.33,8.23,-2.56,1711.68
192,51,113973,1,Nadal,Djokovic,True,second,serve,forehand,4.01,24.0,8.33,-0.15,1723.8400000000001
193,51,113994,2,Djokovic,Nadal,False,first,return,forehand,7.3,0.15,3.65,22.48,1724.68
194,51,114019,3,Nadal,Djokovic,False,first,topspin,backhand,2.02,24.0,5.68,-0.84,1725.68
195,51,114050,4,Djokovic,Nadal,False,second,topspin,forehand,6.37,-0.78,2.98,24.33,1726.92
196,51,114082,5,Nadal,__undefined__,False,second,topspin,forehand,7.34,26.69,4.85,-1.0,1728.2
197,51,114122,6,Djokovic,Nadal,False,first,topspin,backhand,-1.25,0.05,7.11,25.61,1729.8000000000002
198,51,114150,7,Nadal,Djokovic,False,second,topspin,backhand,5.58,22.37,1.43,-0.29,1730.92
199,52,114918,1,Nadal,Djokovic,True,first,serve,forehand,5.34,24.79,1.15,-1.03,1761.64
200,53,115445,1,Nadal,Djokovic,True,first,serve,forehand,5.45,25.26,0.92,-1.06,1782.72
201,54,115773,1,Nadal,Djokovic,True,second,serve,forehand,5.59,26.21,1.06,0.29,1795.8400000000001
202,54,115794,2,Djokovic,Nadal,False,second,return,backhand,0.31,1.0,5.02,24.0,1796.68
203,54,115821,3,Nadal,Djokovic,False,second,topspin,backhand,3.17,25.14,1.55,1.11,1797.7600000000002
204,54,115859,4,Djokovic,Nadal,False,first,topspin,forehand,7.86,0.97,3.54,27.19,1799.2800000000002
205,54,115887,5,Nadal,Djokovic,False,second,topspin,forehand,6.69,29.0,7.03,0.4,1800.4
206,54,115914,6,Djokovic,Nadal,False,second,topspin,backhand,1.88,0.43,7.19,28.74,1801.48
207,54,115950,7,Nadal,Djokovic,False,second,topspin,backhand,2.51,27.07,3.59,-1.13,1802.92
208,54,115980,8,Djokovic,Nadal,False,second,topspin,forehand,8.12,-0.29,2.57,27.32,1804.1200000000001
209,54,116009,9,Nadal,Djokovic,False,second,topspin,backhand,2.19,27.07,7.29,-1.06,1805.2800000000002
210,54,116040,10,Djokovic,Nadal,False,second,topspin,forehand,7.69,-0.58,2.93,26.45,1806.5200000000002
211,54,116072,11,Nadal,Djokovic,False,second,topspin,backhand,-0.3,26.33,6.68,-0.35,1807.8000000000002
212,54,116100,12,Djokovic,Nadal,False,second,topspin,backhand,3.54,-0.45,0.11,25.37,1808.92
213,54,116134,13,Nadal,Djokovic,False,second,slice,backhand,3.22,26.45,4.16,-0.45,1810.2800000000002
214,54,116179,14,Djokovic,Nadal,False,second,topspin,backhand,1.02,3.52,5.55,25.37,1812.0800000000002
215,54,116207,15,Nadal,Djokovic,False,second,topspin,backhand,2.76,26.82,2.06,2.73,1813.2
216,54,116235,16,Djokovic,Nadal,False,second,topspin,forehand,7.69,1.25,2.45,26.57,1814.3200000000002
217,55,117047,1,Nadal,Djokovic,True,first,serve,forehand,4.04,25.02,8.21,-1.77,1846.8000000000002
218,56,117394,1,Nadal,Djokovic,True,second,serve,forehand,4.16,24.22,8.03,-0.25,1860.68
219,56,117414,2,Djokovic,Nadal,False,second,topspin,backhand,5.52,0.09,3.79,22.69,1861.48
220,56,117441,3,Nadal,Djokovic,False,second,topspin,forehand,3.21,24.79,4.6,-0.81,1862.5600000000002
221,56,117468,4,Djokovic,Nadal,False,second,topspin,forehand,6.87,-1.5,3.53,24.33,1863.64
222,57,118112,1,Nadal,Djokovic,True,first,serve,forehand,5.32,23.89,1.15,-0.97,1889.4
223,57,118131,2,Djokovic,Nadal,False,first,return,forehand,2.93,0.19,4.62,22.37,1890.16
224,57,118171,3,Nadal,Djokovic,False,first,topspin,forehand,2.72,24.33,5.24,-1.77,1891.7600000000002
225,58,119452,1,Djokovic,Nadal,True,first,serve,forehand,6.02,-0.55,0.34,24.68,1943.0000000000002
226,59,119806,1,Djokovic,Nadal,True,second,serve,forehand,6.04,-0.75,0.19,25.61,1957.16
227,59,119826,2,Nadal,Djokovic,False,first,topspin,backhand,-0.52,24.33,5.98,0.68,1957.96
228,59,119852,3,Djokovic,Nadal,False,second,topspin,forehand,5.77,-0.68,1.03,24.0,1959.0000000000002
229,59,119884,4,Nadal,Djokovic,False,second,topspin,forehand,5.96,26.69,4.52,-1.62,1960.2800000000002
230,59,119920,5,Djokovic,Nadal,False,second,topspin,backhand,2.25,-0.39,5.81,27.19,1961.72
231,59,119948,6,Nadal,Djokovic,False,second,topspin,forehand,7.2,26.21,2.9,-1.06,1962.8400000000001
232,59,119982,7,Djokovic,Nadal,False,second,topspin,backhand,1.92,-0.58,5.9,25.26,1964.2
233,59,120010,8,Nadal,Djokovic,False,second,topspin,forehand,7.48,25.97,2.82,-0.97,1965.3200000000002
234,59,120041,9,Djokovic,Nadal,False,second,topspin,forehand,5.92,-1.71,5.4,25.02,1966.5600000000002
235,59,120072,10,Nadal,Djokovic,False,second,slice,backhand,0.53,25.49,5.58,-1.19,1967.8000000000002
236,59,120112,11,Djokovic,Nadal,False,second,topspin,forehand,2.98,0.09,2.8,25.49,1969.4
237,60,120863,1,Djokovic,Nadal,True,first,serve,forehand,4.35,-0.45,7.83,28.21,1999.44
238,60,120884,2,Nadal,Djokovic,False,first,slice,backhand,5.02,26.69,4.51,0.61,2000.2800000000002
239,60,120937,3,Djokovic,Nadal,False,first,topspin,forehand,0.63,1.18,5.43,27.19,2002.4
240,60,120967,4,Nadal,Djokovic,False,first,topspin,forehand,7.49,25.73,1.29,0.36,2003.6000000000001
241,60,120997,5,Djokovic,Nadal,False,first,topspin,forehand,6.53,-1.28,5.85,24.56,2004.8000000000002
242,60,121032,6,Nadal,Djokovic,False,first,topspin,forehand,2.9,24.22,6.28,-2.81,2006.2
243,61,121756,1,Djokovic,Nadal,True,first,serve,forehand,6.17,-0.32,-0.06,27.57,2035.16
244,62,122116,1,Djokovic,Nadal,True,second,serve,forehand,6.12,-0.39,0.24,25.26,2049.56
245,62,122138,2,Nadal,Djokovic,False,first,return,backhand,-0.31,24.79,6.09,0.26,2050.44
246,62,122166,3,Djokovic,Nadal,False,first,topspin,forehand,6.29,-0.62,1.37,24.56,2051.56
247,62,122197,4,Nadal,Djokovic,False,first,topspin,forehand,6.02,26.33,4.76,-1.25,2052.8
248,62,122231,5,Djokovic,Nadal,False,first,topspin,backhand,1.77,-0.84,6.38,26.33,2054.1599999990003
249,62,122267,6,Nadal,Djokovic,False,first,topspin,forehand,4.26,24.45,4.16,-2.33,2055.6
250,62,122301,7,Djokovic,Nadal,False,first,topspin,forehand,6.38,-2.5,3.91,26.09,2056.96
251,62,122337,8,Nadal,Djokovic,False,first,topspin,backhand,0.24,25.97,5.92,-2.01,2058.4
252,62,122364,9,Djokovic,Nadal,False,first,topspin,backhand,3.71,-2.01,0.91,25.49,2059.48
253,62,122396,10,Nadal,Djokovic,False,first,topspin,forehand,6.16,26.33,4.21,-1.92,2060.76
254,62,122432,11,Djokovic,Nadal,False,first,topspin,backhand,2.88,0.68,5.6,27.45,2062.1999999990003
255,63,123162,1,Djokovic,Nadal,True,first,serve,forehand,4.36,-0.35,7.8,27.95,2091.4
256,63,123182,2,Nadal,Djokovic,False,first,topspin,backhand,5.51,27.19,4.48,0.54,2092.1999999990003
257,63,123226,3,Djokovic,Nadal,False,first,topspin,forehand,3.62,1.56,4.31,26.94,2093.96
258,63,123253,4,Nadal,Djokovic,False,first,topspin,backhand,0.93,27.32,4.1,0.29,2095.04
259,63,123285,5,Djokovic,Nadal,False,first,topspin,forehand,6.35,-0.78,2.27,26.09,2096.32
260,63,123316,6,Nadal,Djokovic,False,first,topspin,forehand,6.8,26.33,4.77,-1.13,2097.56
261,63,123356,7,Djokovic,Nadal,False,first,slice,backhand,1.39,1.0,5.61,25.37,2099.1599999990003
262,63,123393,8,Nadal,Djokovic,False,first,topspin,forehand,1.42,24.0,4.26,-0.84,2100.6399999990003
263,63,123421,9,Djokovic,Nadal,False,first,topspin,forehand,8.21,-1.25,1.68,24.0,2101.76
264,63,123452,10,Nadal,__undefined__,False,first,topspin,forehand,5.03,25.26,6.38,-2.27,2103.0
265,63,123486,11,Djokovic,Nadal,False,first,topspin,backhand,2.76,-2.07,5.18,23.67,2104.36
266,63,123519,12,Nadal,Djokovic,False,first,topspin,backhand,2.79,22.9,4.72,-1.74,2105.6799999990003
267,63,123548,13,Djokovic,Nadal,False,first,topspin,forehand,8.68,-1.89,2.53,21.85,2106.84
268,63,123585,14,Nadal,Djokovic,False,first,topspin,backhand,1.27,18.67,6.77,-1.56,2108.32
269,63,123611,15,Djokovic,Nadal,False,first,topspin,forehand,7.37,-1.0,1.97,20.06,2109.36
270,63,123643,16,Nadal,Djokovic,False,first,slice,forehand,6.04,22.58,5.07,-1.06,2110.6399999990003
271,63,123697,17,Djokovic,Nadal,False,first,topspin,forehand,2.34,0.71,5.53,25.02,2112.8
272,63,123722,18,Nadal,Djokovic,False,first,topspin,forehand,8.14,25.73,2.0,0.12,2113.8
273,63,123756,19,Djokovic,Nadal,False,first,topspin,backhand,1.84,0.09,6.99,26.21,2115.1599999990003
274,63,123782,20,Nadal,Djokovic,False,first,topspin,forehand,5.72,25.26,2.76,-0.15,2116.1999999990003
275,63,123811,21,Djokovic,Nadal,False,first,topspin,forehand,5.48,-0.97,4.43,26.69,2117.36
276,63,123839,22,Nadal,Djokovic,False,first,topspin,backhand,2.6,25.84,5.45,-1.77,2118.48
277,64,124718,1,Djokovic,Nadal,True,first,serve,forehand,6.01,-0.39,-0.32,27.19,2153.6399999990003
278,64,124741,2,Nadal,Djokovic,False,first,topspin,backhand,-2.15,25.37,5.76,0.57,2154.56
279,64,124774,3,Djokovic,Nadal,False,first,topspin,forehand,8.71,1.18,-0.73,25.61,2155.88
280,64,124809,4,Nadal,Djokovic,False,first,topspin,forehand,4.95,27.07,6.79,-0.45,2157.28
281,65,129797,1,Nadal,Djokovic,True,first,serve,forehand,5.75,-1.0,1.77,25.14,2356.8
282,65,129815,2,Djokovic,Nadal,False,first,return,forehand,0.54,23.9,6.13,0.5,2357.52
283,65,129856,3,Nadal,Djokovic,False,first,topspin,forehand,7.94,0.68,2.56,25.02,2359.1600000000003
284,65,129882,4,Djokovic,Nadal,False,first,topspin,backhand,8.6,25.97,7.79,1.98,2360.2000000000003
285,65,129906,5,Nadal,Djokovic,False,first,volley,forehand,3.2,4.53,8.51,26.33,2361.1600000000003
286,66,130642,1,Nadal,Djokovic,True,first,serve,forehand,4.12,-0.29,8.94,27.07,2390.6000000000004
287,66,130664,2,Djokovic,Nadal,False,first,return,backhand,11.03,26.21,4.99,1.26,2391.48
288,66,130700,3,Nadal,Djokovic,False,first,topspin,forehand,6.13,3.91,8.04,25.73,2392.92
289,67,131389,1,Nadal,Djokovic,True,first,serve,forehand,5.46,-0.39,1.49,26.45,2420.48
290,67,131407,2,Djokovic,Nadal,False,first,return,backhand,4.03,26.45,5.7,1.07,2421.2000000000003
291,68,132074,1,Nadal,Djokovic,True,first,serve,forehand,4.03,-0.49,8.77,27.07,2447.88
292,69,132601,1,Nadal,Djokovic,True,first,serve,forehand,4.02,-0.35,8.79,26.82,2468.96
293,70,132952,1,Nadal,Djokovic,True,second,serve,forehand,4.03,-0.42,8.54,23.89,2483.0
294,70,132971,2,Djokovic,Nadal,False,first,return,backhand,8.69,24.45,4.91,1.07,2483.76
295,70,133009,3,Nadal,Djokovic,False,first,topspin,forehand,2.37,1.59,6.27,25.97,2485.28
296,70,133038,4,Djokovic,Nadal,False,second,topspin,backhand,9.57,27.57,3.72,0.86,2486.44
297,71,133821,1,Nadal,Djokovic,True,first,serve,forehand,5.67,-0.62,1.57,25.61,2517.76
298,72,134514,1,Nadal,Djokovic,True,first,serve,forehand,4.11,-0.71,8.62,25.02,2545.48
299,73,134887,1,Nadal,Djokovic,True,second,serve,forehand,4.08,-0.78,8.76,23.89,2560.4
300,73,134911,2,Djokovic,Nadal,False,second,topspin,backhand,9.82,22.37,4.52,0.97,2561.36
301,73,134931,3,Nadal,Djokovic,False,first,topspin,forehand,3.52,0.57,9.89,22.48,2562.1600000000003
302,74,136612,1,Djokovic,Nadal,True,first,serve,forehand,5.73,-0.81,2.21,14.08,2629.4
303,75,136974,1,Djokovic,Nadal,True,second,serve,forehand,6.36,-0.65,0.43,26.94,2643.88
304,75,136997,2,Nadal,Djokovic,False,first,return,backhand,0.23,25.61,6.48,0.05,2644.8
305,75,137044,3,Djokovic,Nadal,False,second,topspin,forehand,4.15,0.71,4.18,27.19,2646.6800000000003
306,75,137071,4,Nadal,Djokovic,False,second,topspin,forehand,8.93,29.41,3.36,-0.22,2647.76
307,76,137638,1,Djokovic,Nadal,True,first,serve,forehand,4.2,-0.81,7.89,28.61,2670.44
308,77,138079,1,Djokovic,Nadal,True,second,serve,forehand,4.28,-0.87,7.75,27.45,2688.0800000000004
309,77,138111,2,Nadal,Djokovic,False,first,topspin,forehand,6.44,27.7,4.17,-1.28,2689.36
310,77,138148,3,Djokovic,Nadal,False,second,topspin,forehand,2.52,-1.59,5.09,26.21,2690.84
311,77,138175,4,Nadal,Djokovic,False,second,topspin,forehand,7.73,26.33,2.62,-2.39,2691.92
312,78,138741,1,Djokovic,Nadal,True,first,serve,forehand,6.14,-0.97,0.17,25.84,2714.56
313,79,139159,1,Djokovic,Nadal,True,first,serve,forehand,4.42,-0.91,8.2,26.94,2731.28
314,79,139179,2,Nadal,Djokovic,False,first,return,backhand,5.15,25.97,4.28,0.15,2732.0800000000004
315,79,139221,3,Djokovic,Nadal,False,first,topspin,forehand,4.38,1.94,4.23,26.82,2733.76
316,79,139248,4,Nadal,Djokovic,False,first,topspin,backhand,0.23,25.61,4.03,4.13,2734.84
317,80,140263,1,Nadal,__undefined__,True,first,serve,forehand,3.74,23.01,8.01,-2.27,2775.44
318,80,140282,2,Djokovic,Nadal,False,first,return,backhand,6.02,-1.16,3.61,21.55,2776.2000000000003
319,81,140846,1,Nadal,Djokovic,True,first,serve,forehand,6.0,14.01,3.18,-0.78,2798.76
320,81,140864,2,Djokovic,Nadal,False,first,return,forehand,5.92,0.19,5.26,13.5,2799.48
321,81,140890,3,Nadal,Nadal,False,first,topspin,forehand,2.58,12.65,6.96,-1.22,2800.52
322,81,140926,4,Djokovic,Nadal,False,first,topspin,backhand,3.19,-0.68,2.65,14.68,2801.96
323,81,140958,5,Nadal,Djokovic,False,first,topspin,backhand,0.22,14.01,7.57,-1.1,2803.2400000000002
324,82,141617,1,Nadal,Djokovic,True,first,serve,forehand,3.89,23.89,8.29,-2.48,2829.6000000000004
325,82,141638,2,Djokovic,Nadal,False,first,return,forehand,8.53,-1.53,3.17,22.27,2830.44
326,82,141669,3,Nadal,Djokovic,False,first,topspin,forehand,3.92,22.06,6.48,-2.01,2831.6800000000003
327,82,141704,4,Djokovic,Nadal,False,first,topspin,backhand,1.5,-1.25,5.04,24.11,2833.0800000000004
328,82,141737,5,Nadal,Djokovic,False,first,topspin,forehand,8.42,26.57,2.73,-1.16,2834.4
329,82,141768,6,Djokovic,Nadal,False,first,topspin,backhand,2.55,-0.81,6.86,27.07,2835.6400000000003
330,82,141801,7,Nadal,Djokovic,False,first,topspin,backhand,3.93,26.82,4.65,-1.53,2836.96
331,82,141833,8,Djokovic,Nadal,False,first,topspin,forehand,7.09,-1.32,2.74,26.33,2838.2400000000002
332,82,141865,9,Nadal,Djokovic,False,first,topspin,forehand,5.43,27.19,5.03,-1.53,2839.52
333,82,141900,10,Djokovic,Nadal,False,first,topspin,backhand,1.78,-0.35,6.21,28.08,2840.92
334,82,141930,11,Nadal,Djokovic,False,first,topspin,forehand,8.23,27.57,3.03,-1.19,2842.1200000000003
335,82,141961,12,Djokovic,Nadal,False,first,topspin,backhand,1.49,-0.62,6.89,28.21,2843.36
336,82,141989,13,Nadal,Djokovic,False,first,topspin,forehand,8.49,27.95,2.26,-0.55,2844.48
337,82,142021,14,Djokovic,Nadal,False,first,topspin,forehand,7.15,-1.28,6.23,27.57,2845.76
338,82,142069,15,Nadal,Djokovic,False,first,topspin,backhand,0.87,24.0,6.16,-1.89,2847.6800000000003
339,82,142096,16,Djokovic,Nadal,False,first,topspin,backhand,1.89,-1.5,1.15,24.0,2848.76
340,82,142121,17,Nadal,Djokovic,False,first,volley,backhand,3.1,21.65,3.14,-0.94,2849.76
341,82,142157,18,Djokovic,Nadal,False,first,topspin,backhand,1.79,6.14,3.85,19.31,2851.2000000000003
342,82,142167,19,Nadal,Djokovic,False,first,volley,forehand,4.43,19.97,1.79,5.65,2851.6000000000004
343,83,143032,1,Nadal,Djokovic,True,first,serve,forehand,5.92,24.56,1.1,-0.84,2886.2000000000003
344,84,143419,1,Nadal,Djokovic,True,second,serve,forehand,6.18,24.56,1.29,-0.52,2901.6800000000003
345,84,143442,2,Djokovic,Nadal,False,first,topspin,backhand,1.62,0.5,5.56,22.8,2902.6000000000004
346,84,143469,3,Nadal,Djokovic,False,first,topspin,forehand,6.12,24.56,3.55,-1.16,2903.6800000000003
347,85,144225,1,Nadal,Djokovic,True,first,serve,forehand,3.81,23.23,8.01,-2.25,2933.92
348,86,144563,1,Nadal,Djokovic,True,second,serve,forehand,3.72,24.0,7.95,-0.91,2947.44
349,86,144585,2,Djokovic,Nadal,False,second,return,forehand,7.6,-0.45,3.57,21.96,2948.32
350,86,144615,3,Nadal,Djokovic,False,second,topspin,backhand,2.66,22.37,5.6,-1.5,2949.52
351,86,144649,4,Djokovic,Nadal,False,second,topspin,backhand,1.95,-1.03,5.45,26.57,2950.88
352,86,144678,5,Nadal,Djokovic,False,second,topspin,forehand,9.12,27.95,3.17,-1.25,2952.04
353,86,144710,6,Djokovic,Nadal,False,second,topspin,backhand,1.97,-0.12,7.7,28.21,2953.32
354,86,144743,7,Nadal,Djokovic,False,second,topspin,forehand,4.17,26.57,4.55,-1.98,2954.6400000000003
355,87,145545,1,Nadal,Djokovic,True,first,serve,forehand,6.02,24.68,1.11,-0.91,2986.7200000000003
356,87,145567,2,Djokovic,Nadal,False,first,return,backhand,-1.78,1.71,5.48,22.8,2987.6000000000004
357,88,148620,1,Djokovic,Nadal,True,first,serve,forehand,2.69,24.11,9.41,-3.33,3109.7200000000003
358,89,148939,1,Djokovic,Nadal,True,second,serve,forehand,2.75,24.11,9.43,-3.04,3122.48
359,89,148962,2,Nadal,Djokovic,False,second,return,forehand,8.21,-2.22,3.19,23.67,3123.4
360,90,149523,1,Djokovic,Nadal,True,first,serve,forehand,6.79,25.84,2.6,-1.44,3145.84
361,91,149888,1,Djokovic,Nadal,True,first,serve,forehand,6.28,25.84,2.41,-1.06,3160.44
362,91,149909,2,Nadal,Djokovic,False,first,return,forehand,1.2,1.29,6.35,25.02,3161.28
363,91,149943,3,Djokovic,Nadal,False,first,topspin,backhand,7.99,24.33,3.13,0.54,3162.6400000000003
364,91,149974,4,Nadal,Djokovic,False,first,topspin,backhand,5.77,1.22,5.34,26.82,3163.88
365,91,150008,5,Djokovic,Nadal,False,first,topspin,backhand,5.34,26.94,5.16,-0.25,3165.2400000000002
366,92,150649,1,Djokovic,Nadal,True,first,serve,forehand,2.97,23.55,9.32,-3.25,3190.88
367,92,150668,2,Nadal,Djokovic,False,first,return,forehand,6.23,-2.13,3.38,21.85,3191.6400000000003
368,93,151266,1,Djokovic,Nadal,True,first,serve,forehand,5.68,27.45,2.09,-1.28,3215.5600000000004
369,93,151288,2,Nadal,Djokovic,False,first,return,backhand,4.77,-0.39,5.66,26.21,3216.44
370,93,151322,3,Djokovic,Nadal,False,first,topspin,forehand,5.66,27.32,5.17,0.12,3217.8
371,93,151350,4,Nadal,Djokovic,False,first,topspin,forehand,1.93,0.71,7.07,30.09,3218.92
372,93,151380,5,Djokovic,Nadal,False,first,slice,forehand,4.18,30.37,2.38,0.36,3220.1200000000003
373,93,151442,6,Nadal,Djokovic,False,first,topspin,forehand,5.01,3.1,3.76,29.27,3222.6000000000004
374,94,152155,1,Djokovic,Nadal,True,first,serve,forehand,2.49,24.0,9.06,-2.45,3251.1200000000003
375,95,153345,1,Nadal,Djokovic,True,first,serve,forehand,5.51,-0.39,2.05,22.9,3298.7200000000003
376,96,153728,1,Nadal,Djokovic,True,second,serve,forehand,5.57,-0.52,1.46,24.45,3314.0400000000004
377,96,153749,2,Djokovic,Nadal,False,second,return,backhand,3.22,25.37,5.96,0.78,3314.88
378,96,153773,3,Nadal,Djokovic,False,second,topspin,backhand,6.91,0.33,3.76,24.0,3315.84
379,96,153809,4,Djokovic,Nadal,False,second,topspin,backhand,6.22,24.45,4.88,-1.86,3317.28
380,96,153838,5,Nadal,Djokovic,False,second,topspin,forehand,2.73,-1.71,5.89,25.97,3318.44
381,96,153869,6,Djokovic,Nadal,False,first,topspin,backhand,7.77,26.21,3.74,-1.8,3319.6800000000003
382,96,153899,7,Nadal,Djokovic,False,first,topspin,forehand,2.69,-0.84,6.77,26.82,3320.88
383,96,153930,8,Djokovic,Nadal,False,second,topspin,forehand,4.93,27.45,4.54,-0.97,3322.1200000000003
384,96,153956,9,Nadal,Djokovic,False,second,topspin,backhand,5.84,-0.97,4.91,27.45,3323.1600000000003
385,96,153994,10,Djokovic,Nadal,False,second,topspin,forehand,1.81,25.73,5.91,-2.33,3324.6800000000003
386,96,154033,11,Nadal,Djokovic,False,second,slice,backhand,9.45,-0.42,2.95,25.97,3326.2400000000002
387,96,154074,12,Djokovic,Nadal,False,second,topspin,backhand,6.17,24.0,6.12,-0.49,3327.88
388,96,154101,13,Nadal,Djokovic,False,second,slice,backhand,7.12,-0.84,4.98,26.09,3328.96
389,96,154136,14,Djokovic,Nadal,False,second,topspin,forehand,3.61,23.12,6.02,-1.92,3330.36
390,96,154167,15,Nadal,Djokovic,False,second,topspin,backhand,8.9,-0.78,3.62,25.37,3331.6000000000004
391,97,154988,1,Nadal,Djokovic,True,first,serve,forehand,4.03,-0.94,8.74,26.33,3364.44
392,97,155008,2,Djokovic,Nadal,False,first,return,backhand,9.68,25.37,4.94,0.75,3365.2400000000002
393,97,155038,3,Nadal,Djokovic,False,first,topspin,forehand,3.9,-0.91,7.74,25.49,3366.44
394,97,155073,4,Djokovic,Nadal,False,first,slice,forehand,1.14,26.82,5.65,-0.81,3367.84
395,97,155122,5,Nadal,Djokovic,False,first,topspin,forehand,9.4,-1.13,2.72,27.32,3369.8
396,98,156061,1,Nadal,Djokovic,True,first,serve,forehand,5.5,-0.71,1.57,26.21,3407.36
397,99,156716,1,Nadal,Djokovic,True,first,serve,forehand,3.96,-0.84,8.91,26.33,3433.5600000000004
398,99,156738,2,Djokovic,Nadal,False,first,return,backhand,9.52,25.14,4.67,0.75,3434.44
399,99,156769,3,Nadal,Djokovic,False,first,topspin,backhand,7.23,-1.0,6.9,24.56,3435.6800000000003
400,100,157430,1,Nadal,Djokovic,True,first,serve,forehand,5.48,-1.0,1.38,25.84,3462.1200000000003
401,100,157448,2,Djokovic,Nadal,False,first,return,backhand,3.45,25.49,5.74,0.64,3462.84
402,100,157494,3,Nadal,Djokovic,False,first,topspin,forehand,6.82,-1.77,4.48,25.97,3464.6800000000003
403,100,157533,4,Djokovic,Nadal,False,first,topspin,forehand,6.02,26.21,6.04,-3.09,3466.2400000000002
404,100,157563,5,Nadal,Djokovic,False,first,topspin,backhand,7.73,-2.13,5.05,25.14,3467.44
405,100,157606,6,Djokovic,Nadal,False,first,topspin,forehand,4.61,27.57,5.88,-2.62,3469.1600000000003
406,100,157637,7,Nadal,Djokovic,False,first,topspin,forehand,2.49,-3.04,5.38,26.69,3470.4
407,100,157673,8,Djokovic,Nadal,False,first,topspin,backhand,7.93,26.09,3.44,-2.5,3471.84
408,100,157704,9,Nadal,Djokovic,False,first,topspin,forehand,2.42,-1.16,7.23,26.69,3473.0800000000004
409,100,157735,10,Djokovic,Nadal,False,first,topspin,forehand,3.89,28.61,3.99,-0.68,3474.32
410,100,157769,11,Nadal,Djokovic,False,first,topspin,forehand,6.82,-0.78,3.9,28.08,3475.6800000000003
411,100,157798,12,Djokovic,Nadal,False,first,topspin,forehand,1.23,27.95,7.23,-1.44,3476.84
412,100,157830,13,Nadal,Djokovic,False,first,topspin,forehand,7.01,-1.95,3.07,28.08,3478.1200000000003
413,100,157876,14,Djokovic,Nadal,False,first,stop,backhand,7.29,25.73,4.88,-2.04,3479.96
414,100,157929,15,Nadal,Djokovic,False,first,slice,backhand,7.35,9.03,5.74,19.4,3482.0800000000004
415,101,157969,1,Djokovic,Nadal,False,first,topspin,backhand,7.75,18.58,6.28,9.86,3483.6800000000003
416,101,157982,2,Nadal,Djokovic,False,first,volley,backhand,8.03,10.41,6.95,17.52,3484.2000000000003
417,102,161150,1,Djokovic,Nadal,True,first,serve,forehand,6.28,-0.81,0.4,26.33,3610.92
418,103,161561,1,Djokovic,Nadal,True,second,serve,forehand,6.29,-0.71,0.71,24.68,3627.36
419,103,161583,2,Nadal,Djokovic,False,second,return,backhand,-0.29,24.22,6.22,-0.02,3628.2400000000002
420,103,161617,3,Djokovic,Nadal,False,second,topspin,forehand,10.16,-0.19,-0.47,24.79,3629.6000000000004
421,104,162268,1,Djokovic,Nadal,True,first,serve,forehand,4.29,-1.1,7.9,28.35,3655.6400000000003
422,104,162289,2,Nadal,Djokovic,False,first,return,forehand,10.11,28.08,4.19,0.26,3656.48
423,104,162331,3,Djokovic,Nadal,False,first,topspin,forehand,4.03,1.59,6.54,27.07,3658.1600000000003
424,104,162365,4,Nadal,Djokovic,False,first,topspin,backhand,-1.22,26.82,3.81,4.71,3659.5200000000004
425,105,162979,1,Djokovic,Nadal,True,first,serve,forehand,6.17,-0.94,-0.02,26.69,3684.0800000000004
426,105,163001,2,Nadal,Djokovic,False,first,return,backhand,-1.38,25.49,6.19,0.09,3684.96
427,105,163034,3,Djokovic,Nadal,False,first,topspin,backhand,5.66,-1.98,1.27,25.14,3686.28
428,106,163780,1,Djokovic,Nadal,True,first,serve,forehand,4.03,-0.87,7.57,28.87,3716.1200000000003
429,107,164201,1,Djokovic,Nadal,True,first,serve,forehand,4.23,-0.42,7.54,28.21,3732.96
430,108,164567,1,Djokovic,Nadal,True,second,serve,forehand,4.19,-0.65,7.33,24.11,3747.6000000000004
431,108,164586,2,Nadal,Djokovic,False,second,return,backhand,5.6,23.23,4.35,0.26,3748.36
432,108,164616,3,Djokovic,Nadal,False,second,topspin,backhand,4.32,-0.71,4.55,23.23,3749.5600000000004
433,108,164651,4,Nadal,Djokovic,False,second,topspin,backhand,0.45,23.67,5.66,-1.25,3750.96
434,108,164685,5,Djokovic,Nadal,False,second,topspin,forehand,7.86,-0.62,1.11,25.37,3752.32
435,108,164716,6,Nadal,Djokovic,False,second,slice,forehand,7.15,28.08,6.2,-0.65,3753.5600000000004
436,108,164765,7,Djokovic,Nadal,False,second,topspin,forehand,1.89,3.99,6.51,27.83,3755.5200000000004
437,109,165545,1,Djokovic,Nadal,True,first,serve,forehand,6.1,-0.45,0.19,26.69,3786.7200000000003
438,109,165568,2,Nadal,Djokovic,False,first,return,backhand,-2.19,25.97,6.08,0.61,3787.6400000000003
439,109,165601,3,Djokovic,Nadal,False,first,topspin,forehand,7.15,0.09,-0.49,25.49,3788.96
440,109,165636,4,Nadal,Djokovic,False,first,slice,backhand,2.64,25.84,5.49,-0.35,3790.36
441,109,165680,5,Djokovic,Nadal,False,first,topspin,forehand,1.54,0.89,5.45,26.33,3792.1200000000003
442,109,165712,6,Nadal,Djokovic,False,first,topspin,forehand,8.32,26.82,2.44,-0.49,3793.4
443,109,165744,7,Djokovic,Nadal,False,first,topspin,backhand,1.94,-0.52,6.65,25.37,3794.6800000000003
444,109,165775,8,Nadal,Djokovic,False,first,topspin,backhand,3.02,25.37,4.12,-1.41,3795.92
445,109,165810,9,Djokovic,Nadal,False,first,topspin,forehand,5.8,-0.87,3.58,25.97,3797.32
446,109,165839,10,Nadal,Djokovic,False,first,topspin,backhand,0.88,25.84,5.58,-1.38,3798.48
447,109,165874,11,Djokovic,Nadal,False,first,topspin,forehand,4.81,-1.65,2.62,25.73,3799.88
448,109,165910,12,Nadal,Djokovic,False,first,topspin,forehand,7.95,26.57,3.82,-1.47,3801.32
449,109,165952,13,Djokovic,Nadal,False,first,topspin,forehand,1.22,0.68,6.28,26.94,3803.0000000000005
450,109,165982,14,Nadal,Djokovic,False,first,topspin,backhand,2.44,27.19,2.44,0.26,3804.2000000000003
451,110,166740,1,Djokovic,Nadal,True,first,serve,forehand,4.2,-0.97,7.8,28.47,3834.5200000000004
452,110,166760,2,Nadal,Djokovic,False,first,return,backhand,5.21,27.45,4.22,-0.05,3835.32
453,110,166799,3,Djokovic,Nadal,False,first,topspin,forehand,5.65,-1.28,4.02,27.57,3836.88
454,110,166833,4,Nadal,Djokovic,False,first,topspin,backhand,0.22,27.32,5.71,-1.59,3838.2400000000002
455,110,166862,5,Djokovic,Nadal,False,first,topspin,forehand,8.17,-1.06,-0.52,28.47,3839.4
456,110,166900,6,Nadal,Djokovic,False,first,topspin,forehand,5.95,28.74,5.05,-1.59,3840.92
457,110,166933,7,Djokovic,Djokovic,False,first,topspin,backhand,3.2,-1.16,6.63,27.32,3842.2400000000002
458,110,166968,8,Nadal,Djokovic,False,first,slice,backhand,1.05,27.7,4.67,-0.91,3843.6400000000003
459,110,167010,9,Djokovic,Nadal,False,first,topspin,backhand,3.32,-0.55,3.46,27.7,3845.32
460,110,167043,10,Nadal,Djokovic,False,first,topspin,forehand,7.69,28.47,3.98,-1.53,3846.6400000000003
461,110,167077,11,Djokovic,__undefined__,False,first,topspin,backhand,0.86,-0.19,8.4,27.95,3848.0000000000005
462,111,167902,1,Djokovic,Nadal,True,first,serve,forehand,6.36,-0.29,0.49,27.7,3881.0000000000005
463,111,167923,2,Nadal,Djokovic,False,first,return,backhand,-0.77,26.57,6.3,0.36,3881.84
464,111,167965,3,Djokovic,Nadal,False,first,topspin,forehand,5.72,-1.13,3.37,26.94,3883.5200000000004
465,111,167993,4,Nadal,Djokovic,False,first,topspin,forehand,8.91,28.74,4.66,-1.44,3884.6400000000003
466,111,168047,5,Djokovic,Nadal,False,first,topspin,forehand,0.54,2.05,8.18,28.35,3886.8
467,111,168073,6,Nadal,Djokovic,False,first,slice,backhand,3.71,28.74,1.68,0.29,3887.84
468,111,168141,7,Djokovic,Nadal,False,first,topspin,forehand,7.52,5.6,3.53,28.08,3890.5600000000004
469,112,168879,1,Djokovic,Nadal,True,first,serve,forehand,4.44,-0.68,8.01,28.35,3920.0800000000004
470,112,168899,2,Nadal,Djokovic,False,first,return,backhand,5.6,27.07,4.63,0.22,3920.88
471,112,168959,3,Djokovic,Nadal,False,first,topspin,forehand,6.56,0.89,3.92,26.57,3923.28
472,112,168991,4,Nadal,Djokovic,False,first,topspin,backhand,0.24,25.49,6.07,-0.87,3924.5600000000004
473,112,169022,5,Djokovic,Nadal,False,first,topspin,forehand,6.73,-1.0,1.31,26.57,3925.8
474,112,169052,6,Nadal,Djokovic,False,first,slice,backhand,1.51,24.91,5.52,-1.1,3927.0000000000005
475,112,169100,7,Djokovic,Nadal,False,first,topspin,forehand,1.36,-0.94,4.85,26.94,3928.92
476,112,169130,8,Nadal,Djokovic,False,first,topspin,forehand,9.23,26.33,2.19,-1.35,3930.1200000000003
477,113,170027,1,Djokovic,Nadal,True,first,serve,forehand,6.5,0.05,1.1,28.87,3966.0000000000005
478,114,170757,1,Djokovic,Nadal,True,second,serve,forehand,6.06,-0.15,0.39,25.02,3995.2000000000003
479,114,170779,2,Nadal,Djokovic,False,first,return,backhand,-0.52,24.11,6.26,0.54,3996.0800000000004
480,114,170808,3,Djokovic,Nadal,False,first,topspin,forehand,8.05,-0.15,1.07,24.22,3997.2400000000002
481,114,170844,4,Nadal,Djokovic,False,second,topspin,forehand,7.15,27.32,5.18,-0.87,3998.6800000000003
482,114,170879,5,Djokovic,Nadal,False,second,topspin,backhand,2.36,0.86,7.19,27.45,4000.0800000000004
483,114,170908,6,Nadal,Djokovic,False,second,topspin,forehand,6.84,25.49,3.07,-0.12,4001.2400000000002
484,114,170940,7,Djokovic,Nadal,False,second,topspin,forehand,3.01,-0.84,5.72,26.09,4002.5200000000004
485,114,170979,8,Nadal,Djokovic,False,second,topspin,forehand,8.28,25.61,3.34,-2.07,4004.0800000000004
486,115,171749,1,Djokovic,Nadal,True,first,serve,forehand,4.15,-0.62,7.42,26.45,4034.88
487,115,171770,2,Nadal,Djokovic,False,first,return,backhand,5.26,25.97,4.13,0.15,4035.7200000000003
488,115,171812,3,Djokovic,Nadal,False,first,topspin,forehand,8.08,0.89,3.2,25.97,4037.4
489,115,171847,4,Nadal,Djokovic,False,first,slice,backhand,0.16,24.79,5.98,0.12,4038.8
490,115,171895,5,Djokovic,Nadal,False,first,topspin,backhand,2.46,-0.12,3.88,24.79,4040.7200000000003
491,115,171926,6,Nadal,Djokovic,False,first,topspin,backhand,1.38,25.26,4.5,-1.16,4041.96
492,115,171954,7,Djokovic,Nadal,False,first,topspin,backhand,3.02,-0.87,2.64,25.37,4043.0800000000004
493,115,171983,8,Djokovic,Djokovic,False,first,topspin,forehand,7.03,25.61,3.34,-1.77,4044.2400000000002
494,115,172021,9,Djokovic,Nadal,False,first,topspin,backhand,0.63,0.47,6.77,26.09,4045.76
495,115,172046,10,Nadal,Djokovic,False,first,slice,backhand,3.19,25.61,1.75,0.61,4046.76
496,116,173284,1,Nadal,Djokovic,True,first,serve,forehand,4.04,21.14,8.17,-2.9,4096.279999999
497,117,173620,1,Nadal,Djokovic,True,second,serve,forehand,3.93,23.77,7.97,-0.81,4109.72
498,117,173640,2,Djokovic,Nadal,False,second,return,forehand,7.94,-0.29,3.37,22.17,4110.52
499,117,173666,3,Nadal,Djokovic,False,second,topspin,backhand,1.77,23.23,6.41,-0.94,4111.56
500,117,173697,4,Djokovic,Nadal,False,second,topspin,forehand,9.2,-1.32,2.04,23.77,4112.8
501,117,173727,5,Nadal,Djokovic,False,second,topspin,forehand,3.79,23.67,6.55,-0.35,4114.0
502,117,173756,6,Djokovic,Nadal,False,second,topspin,backhand,2.69,-0.55,6.93,21.65,4115.16
503,117,173785,7,Nadal,Djokovic,False,second,stop,forehand,8.87,21.14,2.64,-0.35,4116.319999999
504,118,174592,1,Nadal,Djokovic,True,first,serve,forehand,6.09,24.0,1.33,-1.5,4148.6
505,119,175039,1,Nadal,Djokovic,True,second,serve,forehand,6.04,24.79,1.44,-0.49,4166.479999999
506,120,175848,1,Nadal,Djokovic,True,first,serve,forehand,3.83,23.01,8.04,-1.77,4198.84
507,120,175869,2,Djokovic,Nadal,False,first,return,forehand,8.86,-0.52,3.65,21.34,4199.68
508,120,175895,3,Nadal,Djokovic,False,first,topspin,backhand,1.8,21.96,7.45,-1.1,4200.72
509,120,175933,4,Djokovic,Nadal,False,first,slice,backhand,2.84,-0.08,3.6,24.11,4202.240000000001
510,120,175975,5,Nadal,Djokovic,False,first,topspin,forehand,0.56,24.33,5.06,-1.68,4203.92
511,120,176006,6,Djokovic,Nadal,False,first,topspin,backhand,4.2,-1.59,1.92,24.0,4205.16
512,120,176037,7,Nadal,Djokovic,False,first,topspin,forehand,6.75,25.14,4.4,-1.65,4206.399999999
513,120,176074,8,Djokovic,Nadal,False,first,topspin,backhand,1.19,0.19,6.88,25.49,4207.88
514,120,176103,9,Nadal,Djokovic,False,first,slice,backhand,3.25,25.73,2.82,-0.39,4209.04
515,120,176153,10,Djokovic,Nadal,False,first,topspin,forehand,5.98,0.36,3.6,26.69,4211.04
516,120,176192,11,Nadal,Djokovic,False,first,topspin,backhand,-1.23,25.14,5.99,-0.55,4212.6
517,120,176222,12,Djokovic,Nadal,False,first,topspin,forehand,8.82,-0.05,-1.7,24.79,4213.8
518,120,176259,13,Nadal,Djokovic,False,first,slice,forehand,5.4,27.95,6.47,0.19,4215.279999999
519,120,176317,14,Djokovic,Nadal,False,first,topspin,forehand,2.75,0.26,5.56,27.7,4217.6
520,121,177164,1,Nadal,Djokovic,True,first,serve,forehand,6.14,24.33,1.32,-0.97,4251.479999999
521,122,177753,1,Nadal,__undefined__,True,first,serve,forehand,5.91,24.0,1.13,-0.84,4275.04
522,122,177772,2,Djokovic,Nadal,False,first,return,forehand,3.76,-0.32,5.19,22.37,4275.8
523,122,177815,3,Nadal,Djokovic,False,first,topspin,forehand,6.17,25.26,4.69,-1.5,4277.52
524,122,177847,4,Djokovic,Nadal,False,first,topspin,backhand,1.84,-0.19,6.16,25.73,4278.8
525,122,177878,5,Nadal,Djokovic,False,first,topspin,backhand,3.5,25.84,3.67,-0.08,4280.04
526,122,177911,6,Djokovic,Nadal,False,first,topspin,backhand,4.18,0.57,4.18,26.21,4281.359999999
527,122,177943,7,Nadal,Djokovic,False,first,topspin,backhand,3.08,26.82,5.19,0.15,4282.64
528,122,177974,8,Djokovic,Nadal,False,first,topspin,forehand,8.53,0.5,3.43,27.07,4283.88
529,123,178778,1,Nadal,Djokovic,True,first,serve,forehand,3.91,23.01,8.32,-2.73,4316.04
530,123,178798,2,Djokovic,Nadal,False,first,return,backhand,6.49,-1.92,3.48,20.94,4316.84
531,123,178835,3,Nadal,Djokovic,False,first,topspin,backhand,1.36,20.94,5.89,-2.39,4318.319999999
532,123,178861,4,Djokovic,Nadal,False,first,topspin,backhand,2.93,-2.36,2.65,22.06,4319.359999999
533,123,178890,5,Nadal,Djokovic,False,first,topspin,forehand,7.17,23.55,3.16,-2.39,4320.52
534,123,178925,6,Djokovic,Nadal,False,first,topspin,backhand,1.72,-0.12,7.25,24.56,4321.92
535,123,178950,7,Nadal,Djokovic,False,first,topspin,backhand,3.65,23.89,2.73,0.09,4322.92
536,124,182677,1,Djokovic,Nadal,True,first,serve,forehand,3.82,18.58,9.04,-2.01,4472.0
537,125,182945,1,Djokovic,Nadal,True,second,serve,forehand,3.64,21.85,8.99,-1.47,4482.72
538,125,182968,2,Nadal,Djokovic,False,second,return,forehand,7.26,-0.71,3.98,20.74,4483.64
539,125,182992,3,Djokovic,Nadal,False,second,topspin,forehand,3.29,22.17,6.17,-1.13,4484.6
540,126,183504,1,Djokovic,Nadal,True,first,serve,forehand,5.38,25.14,2.08,-0.12,4505.08
541,127,183917,1,Djokovic,Nadal,True,first,serve,forehand,3.06,24.33,9.15,-1.77,4521.6
542,128,184377,1,Djokovic,Nadal,True,first,serve,forehand,5.22,26.09,1.8,-0.97,4540.0
543,129,191954,1,Nadal,Djokovic,True,first,serve,forehand,5.48,-0.02,1.19,27.32,4843.08
544,130,192292,1,Nadal,Djokovic,True,second,serve,forehand,5.4,-0.15,1.18,24.68,4856.6
545,130,192315,2,Djokovic,Nadal,False,second,return,backhand,4.39,25.02,5.66,0.89,4857.52
546,130,192354,3,Nadal,Djokovic,False,second,topspin,forehand,8.67,1.52,4.93,25.14,4859.08
547,130,192378,4,Djokovic,Nadal,False,second,topspin,backhand,6.77,24.45,8.36,1.33,4860.04
548,130,192405,5,Nadal,Djokovic,False,second,slice,backhand,7.82,0.33,5.77,24.33,4861.12
549,130,192447,6,Djokovic,Nadal,False,second,stop,backhand,6.52,20.45,5.42,-1.44,4862.8
550,130,192495,7,Nadal,Djokovic,False,second,slice,backhand,8.36,5.99,6.0,16.84,4864.72
551,131,193370,1,Nadal,Djokovic,True,first,serve,forehand,4.05,-0.45,8.56,25.02,4899.72
552,131,193389,2,Djokovic,Nadal,False,first,return,backhand,9.43,24.56,4.68,1.0,4900.4800000000005
553,131,193415,3,Nadal,Djokovic,False,first,topspin,forehand,3.32,0.4,7.93,23.89,4901.52
554,131,193446,4,Djokovic,Nadal,False,first,topspin,forehand,6.2,24.68,4.15,-2.45,4902.76
555,131,193478,5,Nadal,Djokovic,False,first,topspin,forehand,2.33,-1.1,6.03,25.26,4904.04
556,131,193509,6,Djokovic,Nadal,False,first,topspin,forehand,4.02,25.02,4.3,-1.32,4905.280000000001
557,131,193538,7,Nadal,Djokovic,False,first,topspin,backhand,7.39,-1.68,4.08,25.14,4906.4400000000005
558,131,193569,8,Djokovic,Nadal,False,first,topspin,forehand,3.61,25.14,6.5,-2.45,4907.68
559,131,193599,9,Nadal,Djokovic,False,first,topspin,forehand,2.66,-2.39,4.85,24.79,4908.88
560,131,193636,10,Djokovic,Nadal,False,first,stop,backhand,8.34,21.85,3.81,-1.89,4910.360000000001
561,131,193695,11,Nadal,Djokovic,False,first,stop,backhand,7.73,7.26,5.59,19.22,4912.72
562,131,193732,12,Djokovic,Nadal,False,first,slice,backhand,7.82,15.77,6.7,9.68,4914.200000000001
563,132,194562,1,Nadal,Djokovic,True,first,serve,forehand,5.42,-0.29,1.24,25.73,4947.400000000001
564,132,194579,2,Djokovic,Nadal,False,first,return,forehand,-0.73,25.26,5.65,1.29,4948.08
565,133,195116,1,Nadal,Djokovic,True,first,serve,forehand,4.12,-0.25,8.57,25.49,4969.56
566,134,195422,1,Nadal,Djokovic,True,second,serve,forehand,4.0,-0.32,8.33,23.44,4981.8
567,134,195442,2,Djokovic,Nadal,False,second,return,backhand,8.34,23.55,4.6,1.0,4982.6
568,134,195473,3,Nadal,Djokovic,False,second,topspin,forehand,4.63,-0.52,6.45,23.67,4983.84
569,134,195504,4,Djokovic,Nadal,False,second,topspin,forehand,1.49,26.09,5.72,-1.47,4985.08
570,134,195534,5,Nadal,Djokovic,False,second,topspin,backhand,8.32,-0.78,1.77,25.97,4986.280000000001
571,134,195564,6,Djokovic,Nadal,False,second,topspin,backhand,5.74,25.73,7.6,-0.08,4987.4800000000005
572,134,195592,7,Nadal,Djokovic,False,second,topspin,forehand,3.01,-0.97,5.76,25.97,4988.6
573,134,195628,8,Djokovic,Nadal,False,second,stop,backhand,9.35,24.22,3.1,-1.74,4990.04
574,134,195683,9,Nadal,Djokovic,False,second,topspin,backhand,6.48,6.85,6.5,17.35,4992.240000000001
575,134,195695,10,Djokovic,Nadal,False,second,volley,backhand,6.59,17.26,6.26,8.75,4992.72
576,134,195775,11,Nadal,Djokovic,False,second,topspin,forehand,4.24,1.98,4.97,16.92,4995.92
577,135,196632,1,Nadal,Djokovic,True,first,serve,forehand,5.47,-0.35,1.34,26.09,5030.200000000001
578,135,196650,2,Djokovic,Nadal,False,first,return,backhand,2.47,26.21,5.84,1.67,5030.92
579,135,196678,3,Nadal,Djokovic,False,first,topspin,forehand,7.34,0.68,3.93,24.79,5032.04
580,135,196715,4,Djokovic,Nadal,False,first,slice,forehand,0.57,23.33,7.98,-1.25,5033.52
581,135,196756,5,Nadal,Djokovic,False,first,topspin,forehand,8.16,1.18,2.61,26.45,5035.160000000001
582,135,196786,6,Djokovic,Nadal,False,first,topspin,backhand,7.06,26.69,6.88,2.09,5036.360000000001
583,135,196812,7,Nadal,,False,first,volley,forehand,4.84,5.99,,,5037.400000000001
584,136,197574,1,Nadal,Djokovic,True,first,serve,forehand,4.04,-0.39,8.54,25.73,5067.88
585,136,197593,2,Djokovic,Nadal,False,first,return,backhand,10.45,24.68,4.63,0.75,5068.64
586,137,199520,1,Djokovic,Nadal,True,first,serve,forehand,6.7,0.97,3.38,19.03,5145.72
587,138,199898,1,Djokovic,Nadal,True,first,serve,forehand,6.48,-0.19,0.91,27.07,5160.84
588,139,200237,1,Djokovic,Nadal,True,second,serve,forehand,6.05,-0.22,0.32,25.14,5174.400000000001
589,139,200258,2,Nadal,Djokovic,False,second,return,forehand,0.75,24.22,5.94,0.5,5175.240000000001
590,139,200285,3,Djokovic,Nadal,False,second,topspin,backhand,4.55,-0.15,1.78,24.33,5176.320000000001
591,139,200337,4,Nadal,Djokovic,False,second,topspin,forehand,8.12,24.45,4.13,-1.8,5178.400000000001
592,140,200922,1,Djokovic,Nadal,True,first,serve,forehand,4.4,-0.15,7.69,25.97,5201.8
593,141,201235,1,Djokovic,Nadal,True,second,serve,forehand,4.32,-0.15,7.67,24.91,5214.320000000001
594,141,201255,2,Nadal,Djokovic,False,second,return,backhand,5.97,23.89,4.41,0.29,5215.12
595,141,201281,3,Djokovic,Nadal,False,second,topspin,backhand,3.19,-0.25,4.86,24.22,5216.160000000001
596,141,201313,4,Nadal,Djokovic,False,second,topspin,backhand,4.12,26.94,4.29,-1.25,5217.4400000000005
597,142,201902,1,Djokovic,Nadal,True,first,serve,forehand,6.11,-0.19,0.27,26.33,5241.0
598,143,202183,1,Djokovic,Nadal,True,second,serve,forehand,5.95,-0.29,0.28,25.14,5252.240000000001
599,143,202205,2,Nadal,Djokovic,False,second,return,forehand,2.57,24.79,5.84,0.15,5253.12
600,144,202803,1,Djokovic,__undefined__,True,first,serve,forehand,4.26,-0.29,7.96,25.84,5277.04
601,145,203125,1,Djokovic,Nadal,True,first,serve,forehand,4.37,-0.35,7.94,25.84,5289.92
602,146,203388,1,Djokovic,Nadal,True,second,serve,forehand,4.44,-0.29,7.88,24.22,5300.4400000000005
603,146,203411,2,Nadal,Djokovic,False,first,return,forehand,9.17,23.77,4.36,-0.12,5301.360000000001
604,147,204489,1,Nadal,Djokovic,True,first,serve,forehand,4.07,23.77,8.39,-2.7,5344.4800000000005
605,147,204508,2,Djokovic,Nadal,False,first,slice,backhand,5.0,-1.22,3.8,22.37,5345.240000000001
606,148,205100,1,Nadal,Djokovic,True,first,serve,forehand,4.95,11.96,2.75,-0.68,5368.92
607,149,205405,1,Nadal,Djokovic,True,second,serve,forehand,6.39,12.58,3.33,-1.22,5381.12
608,149,205428,2,Djokovic,,False,second,return,forehand,2.23,-0.65,,,5382.04
609,150,206059,1,Nadal,Djokovic,True,first,serve,forehand,4.18,24.22,8.33,-1.86,5407.280000000001
610,151,206396,1,Nadal,Djokovic,True,second,serve,forehand,4.15,25.02,8.19,-0.35,5420.76
611,152,207072,1,Nadal,Djokovic,True,first,serve,forehand,5.53,23.89,1.08,-1.06,5447.8
612,152,207095,2,Djokovic,Nadal,False,first,return,backhand,-0.08,0.36,4.92,22.17,5448.72
613,152,207124,3,Nadal,Djokovic,False,first,topspin,backhand,2.9,22.17,2.08,0.19,5449.88
614,152,207158,4,Djokovic,Nadal,False,first,topspin,forehand,7.77,-0.22,3.22,24.56,5451.240000000001
615,152,207187,5,Nadal,Djokovic,False,first,topspin,backhand,0.73,24.22,6.94,-0.58,5452.400000000001
616,152,207234,6,Djokovic,Nadal,False,first,topspin,backhand,3.48,-0.35,2.57,25.49,5454.280000000001
617,152,207262,7,Nadal,Djokovic,False,first,topspin,backhand,3.64,25.97,4.38,-0.87,5455.400000000001
618,152,207298,8,Djokovic,Nadal,False,first,topspin,backhand,3.65,-0.08,4.77,26.57,5456.84
619,152,207330,9,Nadal,Djokovic,False,first,topspin,forehand,6.16,27.32,4.05,-1.44,5458.12
620,152,207365,10,Djokovic,Nadal,False,first,topspin,backhand,-0.06,-1.1,5.68,26.45,5459.52
621,152,207392,11,Nadal,,False,first,topspin,forehand,9.42,23.23,,,5460.6
622,153,208179,1,Nadal,Djokovic,True,first,serve,forehand,4.31,23.01,8.23,-2.13,5492.08
623,154,208512,1,Nadal,Djokovic,True,second,serve,forehand,4.33,23.01,7.95,-0.91,5505.400000000001
624,154,208537,2,Djokovic,Nadal,False,second,return,forehand,5.93,-0.25,4.04,21.96,5506.400000000001
625,154,208571,3,Nadal,Djokovic,False,second,topspin,forehand,6.14,23.12,4.1,-2.16,5507.76
626,154,208603,4,Djokovic,Nadal,False,second,topspin,forehand,7.79,-2.7,5.05,22.17,5509.04
627,154,208633,5,Nadal,Djokovic,False,first,slice,backhand,0.76,21.45,7.34,-2.33,5510.240000000001
628,154,208698,6,Djokovic,Nadal,False,second,topspin,forehand,2.4,1.37,4.64,23.89,5512.84
629,154,208727,7,Nadal,Djokovic,False,second,topspin,backhand,2.04,24.45,3.13,0.75,5514.0
630,154,208758,8,Djokovic,Nadal,False,second,topspin,forehand,6.28,-0.35,1.83,24.45,5515.240000000001
631,154,208796,9,Nadal,Djokovic,False,second,topspin,forehand,4.05,24.0,5.26,-2.16,5516.76
632,154,208825,10,Djokovic,Nadal,False,second,topspin,backhand,1.72,-0.97,5.07,23.23,5517.92
633,154,208854,11,Nadal,Djokovic,False,second,topspin,backhand,3.78,23.44,3.35,-1.0,5519.08
634,154,208892,12,Djokovic,Nadal,False,second,topspin,forehand,5.29,0.26,4.14,25.49,5520.6
635,154,208921,13,Nadal,Djokovic,False,second,topspin,backhand,1.22,25.73,5.51,-0.49,5521.76
636,154,208955,14,Djokovic,,False,second,topspin,backhand,2.58,-0.25,,,5523.12
637,154,208983,15,Nadal,Djokovic,False,second,topspin,backhand,3.43,25.97,3.4,-1.03,5524.240000000001
638,154,209012,16,Djokovic,Nadal,False,second,slice,forehand,8.71,-1.25,3.68,24.79,5525.400000000001
639,155,209949,1,Nadal,Djokovic,True,first,serve,forehand,5.97,24.11,1.27,-1.0,5562.88
640,155,209970,2,Djokovic,Nadal,False,first,return,backhand,-0.71,1.56,5.52,22.58,5563.72
641,155,210003,3,Nadal,Djokovic,False,first,topspin,forehand,6.21,23.67,1.72,0.15,5565.04
642,155,210036,4,Djokovic,Nadal,False,first,topspin,forehand,4.9,-1.06,4.99,25.37,5566.360000000001
643,155,210065,5,Nadal,Djokovic,False,first,topspin,forehand,7.47,25.73,4.62,-1.35,5567.52
644,155,210103,6,Djokovic,Nadal,False,first,topspin,backhand,2.61,1.44,6.43,27.07,5569.04
645,155,210137,7,Nadal,Djokovic,False,first,slice,backhand,1.22,27.19,4.49,0.5,5570.400000000001
646,155,210183,8,Djokovic,Djokovic,False,first,topspin,forehand,2.77,-0.45,3.63,26.94,5572.240000000001
647,155,210218,9,Nadal,Djokovic,False,first,topspin,forehand,8.91,28.08,3.11,-1.03,5573.64
648,155,210254,10,Djokovic,Nadal,False,first,stop,backhand,2.38,0.93,7.87,26.69,5575.08
649,155,210303,11,Nadal,Djokovic,False,first,slice,forehand,6.5,17.78,4.88,6.14,5577.04
650,156,214003,1,Djokovic,Nadal,True,first,serve,forehand,3.39,24.79,9.74,-3.09,5725.04
651,156,214027,2,Nadal,Djokovic,False,first,return,backhand,10.41,-1.95,2.83,22.37,5726.0
652,156,214060,3,Djokovic,Nadal,False,first,topspin,forehand,3.16,22.06,7.77,-1.59,5727.320000000001
653,156,214091,4,Nadal,Nadal,False,first,slice,backhand,5.69,-1.59,4.09,22.17,5728.56
654,156,214136,5,Djokovic,Nadal,False,first,topspin,forehand,6.67,20.36,4.53,-2.07,5730.360000000001
655,156,214163,6,Nadal,Djokovic,False,first,topspin,forehand,2.09,-1.25,7.05,22.17,5731.4400000000005
656,156,214192,7,Djokovic,Nadal,False,first,topspin,forehand,7.28,22.58,2.7,-1.5,5732.6
657,156,214227,8,Nadal,Djokovic,False,first,topspin,backhand,7.13,-0.29,5.36,24.0,5734.0
658,157,214881,1,Djokovic,Nadal,True,first,serve,forehand,5.17,27.32,1.88,-1.22,5760.160000000001
659,157,214900,2,Nadal,Djokovic,False,first,return,forehand,-0.56,1.07,5.24,25.97,5760.92
660,157,214944,3,Djokovic,Nadal,False,first,topspin,forehand,6.65,24.45,2.69,0.05,5762.68
661,158,215545,1,Djokovic,Nadal,True,first,serve,forehand,3.26,25.61,9.57,-2.25,5786.72
662,158,215568,2,Nadal,Djokovic,False,first,return,backhand,10.8,-0.94,3.27,23.45,5787.64
663,159,216216,1,Djokovic,,True,first,serve,forehand,6.1,22.69,,,5813.56
664,160,216543,1,Djokovic,,True,second,serve,forehand,6.07,29.0,,,5826.64
665,160,216569,2,Nadal,,False,second,return,backhand,6.97,-1.89,,,5827.68
666,160,216607,3,Djokovic,,False,second,topspin,forehand,1.29,17.18,,,5829.200000000001
667,161,217255,1,Djokovic,Nadal,True,first,serve,forehand,2.48,24.11,9.1,-1.86,5855.120000000001
668,161,217272,2,Nadal,Djokovic,False,first,return,backhand,10.75,-1.0,2.64,22.69,5855.8
669,161,217300,3,Djokovic,Nadal,False,first,topspin,forehand,1.61,22.48,8.72,-1.59,5856.92
670,161,217336,4,Nadal,Djokovic,False,first,topspin,forehand,2.98,-2.22,4.27,23.89,5858.360000000001
671,161,217368,5,Djokovic,Nadal,False,first,topspin,backhand,8.21,24.22,2.69,-1.83,5859.64
672,161,217405,6,Nadal,Djokovic,False,first,topspin,backhand,5.33,0.19,5.92,26.82,5861.120000000001
673,161,217432,7,Djokovic,,False,first,topspin,backhand,7.69,27.45,,,5862.200000000001
674,161,217464,8,Nadal,Djokovic,False,first,topspin,forehand,6.08,0.71,6.21,27.83,5863.4800000000005
675,161,217496,9,Djokovic,Nadal,False,first,topspin,forehand,1.88,27.95,6.14,0.29,5864.76
676,161,217526,10,Nadal,Djokovic,False,first,topspin,forehand,4.6,-0.19,3.78,29.27,5865.96
677,161,217560,11,Djokovic,Nadal,False,first,topspin,backhand,7.62,27.83,4.26,-0.78,5867.320000000001
678,162,218787,1,Nadal,Djokovic,True,first,serve,forehand,5.47,0.22,1.43,26.33,5916.400000000001
679,162,218804,2,Djokovic,Nadal,False,first,return,backhand,3.17,26.09,5.72,1.22,5917.08
680,162,218851,3,Nadal,Djokovic,False,first,topspin,forehand,2.04,0.5,5.28,26.21,5918.96
681,163,219370,1,Nadal,Djokovic,True,first,serve,forehand,4.1,0.02,8.31,25.37,5939.72
682,164,219959,1,Nadal,Djokovic,True,first,serve,forehand,5.43,-0.15,1.41,25.73,5963.280000000001
683,164,219977,2,Djokovic,Nadal,False,first,return,forehand,0.4,24.68,5.76,1.59,5964.0
684,165,220509,1,Nadal,Djokovic,True,first,serve,forehand,4.21,-0.22,8.38,25.49,5985.280000000001
685,165,220525,2,Djokovic,Nadal,False,first,return,forehand,6.99,25.02,4.8,1.48,5985.92
686,165,220548,3,Nadal,Djokovic,False,first,topspin,forehand,4.35,1.56,6.2,24.33,5986.84
687,166,221159,1,Nadal,Djokovic,True,first,serve,forehand,5.54,-0.22,2.72,25.49,6011.280000000001
688,167,221577,1,Nadal,Djokovic,True,first,serve,forehand,5.41,-0.15,1.5,25.02,6028.0
689,168,221868,1,Nadal,Djokovic,True,second,serve,forehand,5.42,0.02,1.44,23.89,6039.64
690,168,221888,2,Djokovic,Nadal,False,second,return,forehand,1.1,23.12,5.82,1.18,6040.4400000000005
691,168,221915,3,Nadal,Djokovic,False,second,topspin,forehand,4.31,0.22,1.28,23.44,6041.52
692,168,221948,4,Djokovic,Nadal,False,second,slice,backhand,8.37,24.45,4.6,0.86,6042.84
693,168,221978,5,Nadal,,False,second,volley,backhand,6.99,6.54,,,6044.04
694,169,224881,1,Djokovic,Nadal,True,first,serve,forehand,5.99,0.29,0.17,27.45,6160.160000000001
695,169,224900,2,Nadal,Djokovic,False,first,return,forehand,1.74,27.07,5.55,1.22,6160.92
696,169,224930,3,Djokovic,Nadal,False,first,topspin,backhand,4.02,1.18,3.69,27.07,6162.120000000001
697,169,224962,4,Nadal,__undefined__,False,first,topspin,forehand,6.21,27.83,4.51,-0.78,6163.400000000001
698,169,224999,5,Djokovic,Nadal,False,first,topspin,forehand,4.0,-0.32,4.89,26.94,6164.88
699,169,225029,6,Nadal,Djokovic,False,first,topspin,backhand,4.62,26.21,4.51,-0.71,6166.080000000001
700,169,225059,7,Djokovic,Nadal,False,first,topspin,backhand,2.9,-0.84,4.72,25.37,6167.280000000001
701,169,225088,8,Nadal,Djokovic,False,first,topspin,forehand,6.43,25.84,3.71,-1.5,6168.4400000000005
702,169,225121,9,Djokovic,Nadal,False,first,topspin,backhand,1.73,-1.03,5.32,25.49,6169.76
703,169,225152,10,Nadal,Djokovic,False,first,topspin,backhand,2.9,25.26,3.89,-0.84,6171.0
704,169,225183,11,Djokovic,Nadal,False,first,topspin,forehand,7.53,-0.62,3.03,25.97,6172.240000000001
705,169,225215,12,Nadal,Djokovic,False,first,topspin,forehand,7.75,27.45,5.83,-0.52,6173.52
706,169,225247,13,Djokovic,Nadal,False,first,topspin,forehand,5.89,0.02,7.8,26.45,6174.8
707,169,225280,14,Nadal,Djokovic,False,first,slice,forehand,6.91,25.14,4.98,0.4,6176.120000000001
708,169,225333,15,Djokovic,Nadal,False,first,topspin,forehand,1.6,-0.84,5.38,26.33,6178.240000000001
709,169,225365,16,Nadal,Djokovic,False,first,stop,forehand,7.09,24.68,2.45,-1.65,6179.52
710,170,226203,1,Djokovic,Nadal,True,first,serve,forehand,4.34,-0.15,7.84,26.94,6213.04
711,170,226223,2,Nadal,Djokovic,False,first,return,backhand,5.07,26.21,4.38,0.61,6213.84
712,170,226287,3,Djokovic,Nadal,False,first,topspin,forehand,2.26,-0.71,4.95,27.7,6216.400000000001
713,170,226315,4,Nadal,Djokovic,False,first,topspin,forehand,7.63,27.07,2.66,-0.91,6217.52
714,170,226350,5,Djokovic,Nadal,False,first,topspin,backhand,2.46,-0.19,6.29,26.09,6218.92
715,170,226382,6,Nadal,Djokovic,False,first,topspin,forehand,8.47,25.61,3.33,-0.65,6220.200000000001
716,170,226416,7,Djokovic,Nadal,False,first,topspin,backhand,1.13,-0.25,7.79,24.33,6221.56
717,171,227114,1,Djokovic,Nadal,True,first,serve,forehand,6.04,-0.08,0.2,26.82,6249.4800000000005
718,171,227136,2,Nadal,Djokovic,False,first,return,backhand,-1.26,25.84,6.07,0.86,6250.360000000001
719,171,227184,3,Djokovic,Nadal,False,first,topspin,backhand,2.87,5.99,2.91,25.84,6252.280000000001
720,171,227207,4,Nadal,Djokovic,False,first,topspin,forehand,7.92,24.45,4.26,6.9,6253.200000000001
721,172,227863,1,Djokovic,Nadal,True,first,serve,forehand,4.4,-0.19,7.82,26.94,6279.4400000000005
722,173,228246,1,Djokovic,Nadal,True,first,serve,forehand,4.39,0.05,7.69,26.45,6294.76
723,173,228266,2,Nadal,Djokovic,False,first,topspin,backhand,5.68,26.69,4.35,1.07,6295.56
724,173,228306,3,Djokovic,Nadal,False,first,topspin,forehand,2.57,0.68,5.12,27.45,6297.160000000001
725,173,228334,4,Nadal,Djokovic,False,first,topspin,forehand,8.0,26.69,3.16,-0.55,6298.280000000001
726,173,228365,5,Djokovic,Nadal,False,first,topspin,backhand,2.54,-0.45,6.42,26.57,6299.52
727,173,228396,6,Nadal,Djokovic,False,first,topspin,forehand,8.03,25.14,3.56,-1.1,6300.76
728,173,228431,7,Djokovic,Nadal,False,first,topspin,backhand,0.93,0.26,6.98,25.26,6302.160000000001
729,173,228459,8,Nadal,Djokovic,False,first,slice,backhand,2.83,25.37,2.28,0.05,6303.280000000001
730,173,228500,9,Djokovic,Nadal,False,first,topspin,backhand,4.33,1.82,4.2,25.37,6304.92
731,173,228529,10,Nadal,Djokovic,False,first,topspin,forehand,6.71,26.09,4.76,-0.55,6306.080000000001
732,173,228558,11,Djokovic,Nadal,False,first,topspin,backhand,2.34,-0.65,6.12,25.73,6307.240000000001
733,174,229364,1,Djokovic,Nadal,True,first,serve,forehand,6.03,-0.42,0.23,26.57,6339.4800000000005
734,174,229386,2,Nadal,Djokovic,False,first,return,backhand,-1.16,25.02,6.04,0.57,6340.360000000001
735,174,229420,3,Djokovic,Nadal,False,first,topspin,forehand,5.62,-0.94,1.5,25.97,6341.72
736,175,230231,1,Djokovic,Nadal,True,first,serve,forehand,4.34,-0.45,7.98,27.32,6374.160000000001
737,175,230252,2,Nadal,,False,first,return,backhand,5.23,26.82,,,6375.0
738,175,230307,3,Djokovic,Nadal,False,first,topspin,forehand,3.48,-0.81,4.74,25.61,6377.200000000001
739,175,230337,4,Nadal,Djokovic,False,first,topspin,forehand,8.23,26.57,3.55,-1.28,6378.400000000001
740,175,230401,5,Nadal,Djokovic,False,first,topspin,forehand,8.82,24.91,2.02,0.4,6380.96
741,175,230430,6,Djokovic,Nadal,False,first,topspin,backhand,1.83,0.4,7.84,24.68,6382.120000000001
742,175,230460,7,Nadal,Djokovic,False,first,topspin,forehand,6.54,24.91,2.82,-0.94,6383.320000000001
743,175,230490,8,Djokovic,Nadal,False,first,topspin,forehand,6.26,-1.86,4.62,25.26,6384.52
744,175,230520,9,Nadal,Djokovic,False,first,topspin,backhand,2.55,23.23,5.74,-2.07,6385.72
745,176,231285,1,Djokovic,Nadal,True,first,serve,forehand,5.94,-0.39,0.07,26.69,6416.320000000001
746,176,231309,2,Nadal,Djokovic,False,first,return,backhand,-2.02,25.73,5.86,0.47,6417.280000000001
747,176,231353,3,Djokovic,Nadal,False,first,topspin,backhand,3.4,2.21,2.11,25.97,6419.04
748,176,231389,4,Nadal,Djokovic,False,first,slice,backhand,1.26,26.33,4.45,0.33,6420.4800000000005
749,176,231437,5,Djokovic,Nadal,False,first,topspin,forehand,3.74,0.61,4.28,26.57,6422.400000000001
750,176,231468,6,Nadal,Djokovic,False,first,topspin,backhand,1.78,26.45,4.59,-0.45,6423.64
751,176,231498,7,Djokovic,Nadal,False,first,topspin,forehand,8.48,-0.84,1.69,24.79,6424.84
752,176,231527,8,Nadal,,False,first,topspin,forehand,1.8,22.9,,,6426.0
753,177,231582,1,Djokovic,Nadal,False,first,topspin,forehand,6.68,4.85,3.4,24.11,6428.200000000001
754,177,231604,2,Nadal,Djokovic,False,first,slice,backhand,1.04,24.91,5.56,7.0,6429.080000000001
755,178,232453,1,Djokovic,Nadal,True,first,serve,forehand,4.32,-0.15,7.76,27.19,6463.04
756,178,232471,2,Nadal,Djokovic,False,first,return,forehand,9.35,26.21,4.44,0.78,6463.76
757,178,232513,3,Djokovic,Nadal,False,first,topspin,forehand,3.23,2.21,7.21,25.37,6465.4400000000005
758,179,233698,1,Nadal,Djokovic,True,first,serve,forehand,4.19,23.89,8.23,-1.71,6512.84
759,179,233718,2,Djokovic,Nadal,False,first,return,backhand,6.96,-1.03,3.7,23.55,6513.64
760,179,233753,3,Nadal,Djokovic,False,first,topspin,forehand,5.77,24.22,5.3,-1.62,6515.04
761,179,233785,4,Djokovic,Nadal,False,first,topspin,backhand,2.98,-0.45,5.21,26.33,6516.320000000001
762,180,234445,1,Nadal,Djokovic,True,first,serve,forehand,5.26,24.56,1.01,-0.71,6542.72
763,181,235269,1,Nadal,Djokovic,True,first,serve,forehand,4.02,24.45,8.3,-2.16,6575.68
764,182,235584,1,Nadal,Djokovic,True,second,serve,forehand,4.14,24.45,8.12,-0.32,6588.280000000001
765,182,235603,2,Djokovic,Nadal,False,second,topspin,forehand,8.48,0.19,3.67,23.12,6589.04
766,183,236231,1,Nadal,Djokovic,True,first,serve,forehand,5.38,24.68,1.07,-0.68,6614.160000000001
767,183,236250,2,Djokovic,Nadal,False,first,return,forehand,3.69,0.02,4.62,23.55,6614.92
768,184,236876,1,Nadal,Djokovic,True,first,serve,forehand,4.02,25.14,8.46,-2.04,6639.96
769,185,237542,1,Nadal,Djokovic,True,first,serve,forehand,4.04,24.33,8.49,-2.1,6666.6
770,186,237853,1,Nadal,Djokovic,True,second,serve,forehand,4.25,24.91,8.25,0.02,6679.04
771,186,237873,2,Djokovic,Nadal,False,first,return,backhand,6.36,0.58,3.95,23.01,6679.84
772,187,240895,1,Djokovic,Nadal,True,first,serve,forehand,3.62,22.37,9.69,-2.9,6800.72
773,188,241248,1,Djokovic,Nadal,True,second,serve,forehand,3.45,24.79,10.08,-2.98,6814.84
774,188,241275,2,Nadal,Djokovic,False,first,return,backhand,10.35,-2.04,3.4,25.14,6815.92
775,188,241306,3,Djokovic,Nadal,False,second,topspin,forehand,4.92,26.69,7.72,-1.56,6817.160000000001
776,189,242122,1,Djokovic,Nadal,True,first,serve,forehand,5.32,26.57,2.06,-0.15,6849.8
777,189,242142,2,Nadal,Djokovic,False,first,return,backhand,3.9,0.86,5.4,25.02,6850.6
778,189,242186,3,Djokovic,Nadal,False,first,topspin,forehand,6.19,23.77,4.7,-0.39,6852.360000000001
779,189,242215,4,Nadal,Djokovic,False,first,slice,backhand,7.6,0.02,5.61,24.79,6853.52
780,189,242274,5,Djokovic,Nadal,False,first,topspin,forehand,5.69,24.68,5.48,-2.93,6855.88
781,189,242308,6,Nadal,Djokovic,False,first,lob,backhand,9.75,-1.22,5.72,22.17,6857.240000000001
782,189,242419,7,Djokovic,Nadal,False,first,smash,__undefined__,5.15,15.62,4.03,-3.39,6861.68
783,190,243126,1,Djokovic,Nadal,True,first,serve,forehand,2.67,23.23,9.04,-2.67,6889.96
784,190,243146,2,Nadal,Djokovic,False,first,return,forehand,6.4,-1.22,3.13,22.27,6890.76
785,191,243793,1,Djokovic,Nadal,True,first,serve,forehand,5.55,26.09,2.17,-0.45,6916.64
786,191,243813,2,Nadal,Djokovic,False,first,return,backhand,4.2,0.22,5.83,26.21,6917.4400000000005
787,191,243847,3,Djokovic,Nadal,False,first,topspin,backhand,6.61,27.19,4.9,0.4,6918.8
788,191,243876,4,Nadal,Djokovic,False,first,topspin,backhand,6.89,1.63,5.14,28.08,6919.96
789,191,243907,5,Djokovic,Nadal,False,first,topspin,forehand,3.25,28.47,6.6,0.29,6921.200000000001
790,191,243938,6,Nadal,Djokovic,False,first,topspin,backhand,8.03,0.61,4.01,29.14,6922.4400000000005
791,191,243973,7,Djokovic,Nadal,False,first,slice,forehand,-0.29,29.27,7.28,0.71,6923.84
792,192,244834,1,Djokovic,Nadal,True,first,serve,forehand,2.97,24.11,9.39,-2.36,6958.280000000001
793,193,245276,1,Djokovic,Nadal,True,first,serve,forehand,2.05,24.22,8.89,-2.3,6975.96
794,193,245295,2,Nadal,Djokovic,False,first,return,forehand,6.27,-0.78,2.45,23.55,6976.72
795,193,245335,3,Djokovic,Nadal,False,first,topspin,forehand,5.84,25.14,4.48,-1.77,6978.320000000001
796,193,245367,4,Nadal,Djokovic,False,first,topspin,forehand,1.16,-1.16,8.03,26.82,6979.6
797,194,246104,1,Djokovic,Nadal,True,first,serve,forehand,5.91,25.97,2.17,-1.19,7009.080000000001
798,194,246124,2,Nadal,Djokovic,False,first,return,backhand,3.94,0.09,5.75,24.11,7009.88
799,194,246164,3,Djokovic,Nadal,False,first,topspin,forehand,6.77,26.94,4.84,-0.97,7011.4800000000005
800,194,246193,4,Nadal,Djokovic,False,first,topspin,forehand,2.35,-0.58,6.93,27.19,7012.64
801,194,246227,5,Djokovic,Nadal,False,first,topspin,backhand,7.59,27.07,3.74,-0.29,7014.0
802,194,246259,6,Nadal,Djokovic,False,first,topspin,forehand,3.96,-0.97,6.48,27.32,7015.280000000001
803,194,246290,7,Djokovic,Nadal,False,first,topspin,backhand,7.52,27.45,4.26,-0.71,7016.52
804,194,246323,8,Nadal,Djokovic,False,first,topspin,forehand,6.26,0.64,5.8,27.95,7017.84
805,194,246352,9,Djokovic,Nadal,False,first,topspin,forehand,3.25,27.95,6.31,-0.15,7019.0
806,194,246382,10,Nadal,Djokovic,False,first,slice,backhand,7.79,1.18,4.23,27.95,7020.200000000001
807,194,246426,11,Djokovic,Nadal,False,first,topspin,forehand,7.19,24.22,5.25,-0.39,7021.96
808,194,246456,12,Nadal,__undefined__,False,first,topspin,forehand,2.33,0.36,7.85,26.69,7023.160000000001
809,194,246488,13,Djokovic,,False,first,topspin,backhand,8.58,25.02,,,7024.4400000000005
810,194,246520,14,Nadal,Djokovic,False,first,topspin,backhand,6.64,0.29,6.0,26.57,7025.72
811,194,246551,15,Djokovic,Nadal,False,first,topspin,forehand,3.06,26.69,6.8,0.12,7026.96
812,194,246583,16,Nadal,Djokovic,False,first,topspin,forehand,7.25,1.33,4.09,27.57,7028.240000000001
813,194,246619,17,Djokovic,Nadal,False,first,topspin,backhand,8.6,26.09,5.69,0.97,7029.68
814,195,247579,1,Djokovic,Nadal,True,first,serve,forehand,2.74,24.68,9.23,-2.48,7068.080000000001
815,195,247601,2,Nadal,Djokovic,False,first,topspin,backhand,10.8,-0.91,2.81,23.33,7068.96
816,196,248349,1,Djokovic,,True,first,serve,forehand,4.88,15.46,,,7098.88
817,196,248368,2,Nadal,,False,first,return,backhand,6.99,0.5,,,7099.64
818,196,248429,3,Djokovic,,False,first,topspin,forehand,1.41,17.61,,,7102.080000000001
819,196,248460,4,Nadal,,False,first,slice,backhand,6.6,-2.33,,,7103.320000000001
820,196,248499,5,Djokovic,Nadal,False,first,topspin,forehand,4.24,24.68,6.46,-0.12,7104.88
821,196,248531,6,Nadal,Djokovic,False,first,topspin,forehand,2.58,0.12,4.81,21.45,7106.160000000001
822,196,248548,7,Djokovic,Nadal,False,first,volley,backhand,6.67,21.04,1.7,-0.55,7106.84
823,197,249987,1,Nadal,Djokovic,True,first,serve,forehand,6.01,0.68,2.57,24.79,7164.400000000001
824,198,250559,1,Nadal,Djokovic,True,first,serve,forehand,5.94,-0.12,2.19,25.97,7187.280000000001
825,198,250576,2,Djokovic,Nadal,False,first,return,backhand,3.41,25.84,6.38,1.11,7187.96
826,199,251237,1,Nadal,Djokovic,True,first,serve,forehand,4.34,-0.35,9.19,26.69,7214.400000000001
827,199,251254,2,Djokovic,Nadal,False,first,return,forehand,7.6,25.26,5.13,1.22,7215.080000000001
828,199,251284,3,Nadal,Djokovic,False,first,topspin,forehand,6.49,-0.65,5.66,25.84,7216.280000000001
829,199,251326,4,Djokovic,Nadal,False,first,topspin,backhand,9.03,25.61,5.75,-2.36,7217.96
830,199,251354,5,Nadal,Djokovic,False,first,slice,backhand,7.75,-2.1,8.42,25.14,7219.080000000001
831,199,251402,6,Djokovic,Nadal,False,first,topspin,forehand,6.3,22.9,5.74,-2.48,7221.0
832,200,251985,1,Nadal,Djokovic,True,first,serve,forehand,6.04,-0.05,2.54,26.09,7244.320000000001
833,201,252526,1,Nadal,Djokovic,True,first,serve,forehand,6.09,-0.08,2.58,26.21,7265.96
834,201,252544,2,Djokovic,Nadal,False,first,return,forehand,1.51,25.84,6.49,1.22,7266.68
835,201,252570,3,Nadal,Djokovic,False,first,topspin,forehand,6.18,0.5,2.0,26.09,7267.72
836,201,252604,4,Djokovic,Nadal,False,first,topspin,forehand,4.61,25.97,6.17,-1.62,7269.080000000001
837,201,252638,5,Nadal,Djokovic,False,first,topspin,backhand,7.62,-0.62,5.47,26.69,7270.4400000000005
838,201,252666,6,Djokovic,Nadal,False,first,topspin,forehand,2.01,27.32,7.23,-0.25,7271.56
839,201,252692,7,Nadal,Djokovic,False,first,topspin,forehand,4.37,-0.29,3.76,26.21,7272.6
840,201,252728,8,Djokovic,Nadal,False,first,topspin,backhand,8.94,25.84,4.57,-1.74,7274.040000000001
841,201,252751,9,Nadal,Djokovic,False,first,slice,backhand,7.72,-0.84,9.67,25.97,7274.96
842,202,253479,1,Nadal,Djokovic,True,first,serve,forehand,4.3,-0.55,9.01,26.33,7304.080000000001
843,202,253499,2,Djokovic,Nadal,False,first,return,backhand,10.16,24.14,5.13,0.96,7304.88
844,202,253525,3,Nadal,Djokovic,False,first,topspin,forehand,4.07,-0.01,8.86,24.4,7305.92
845,202,253556,4,Djokovic,Nadal,False,first,topspin,forehand,4.23,26.35,4.87,-0.46,7307.160000000001
846,203,254690,1,Nadal,Djokovic,True,first,serve,forehand,5.47,-0.87,1.39,25.42,7352.52
847,204,255057,1,Nadal,Djokovic,True,first,serve,forehand,5.65,-0.91,1.65,24.18,7367.200000000001
848,204,255078,2,Djokovic,Nadal,False,first,return,forehand,2.87,23.64,5.99,0.4,7368.040000000001
849,204,255109,3,Nadal,Djokovic,False,first,topspin,forehand,5.49,-0.81,5.24,24.63,7369.280000000001
850,204,255135,4,Djokovic,Nadal,False,first,topspin,forehand,2.2,26.47,5.72,-0.65,7370.320000000001
851,204,255167,5,Nadal,Djokovic,False,first,topspin,forehand,7.62,-1.12,3.02,26.12,7371.6
852,204,255195,6,Djokovic,Nadal,False,first,topspin,forehand,0.64,27.32,7.84,-1.78,7372.72
853,204,255224,7,Nadal,Djokovic,False,first,topspin,forehand,6.06,-1.4,2.16,26.35,7373.88
854,204,255255,8,Djokovic,Nadal,False,first,topspin,backhand,6.31,26.24,5.2,-1.87,7375.120000000001
855,204,255287,9,Nadal,Djokovic,False,first,topspin,forehand,2.94,-1.43,6.32,26.0,7376.400000000001
856,204,255321,10,Djokovic,Nadal,False,first,topspin,forehand,2.35,27.44,4.65,-1.18,7377.76
857,204,255347,11,Nadal,Djokovic,False,first,topspin,backhand,7.01,-1.4,2.26,26.12,7378.8
858,204,255380,12,Djokovic,Nadal,False,first,topspin,backhand,4.57,25.07,5.79,-1.93,7380.120000000001
859,205,256205,1,Nadal,Djokovic,True,first,serve,forehand,3.81,-0.84,7.96,24.96,7413.120000000001
860,206,256777,1,Nadal,Djokovic,True,second,serve,forehand,3.78,-0.65,8.08,23.75,7436.000000000001
861,206,256797,2,Djokovic,Nadal,False,first,return,backhand,7.75,23.96,4.36,0.5,7436.8
862,206,256829,3,Nadal,Djokovic,False,second,topspin,forehand,5.21,-1.27,5.04,24.29,7438.080000000001
863,206,256857,4,Djokovic,Nadal,False,second,topspin,forehand,2.23,25.19,6.04,-3.12,7439.200000000001
864,206,256892,5,Nadal,Djokovic,False,second,topspin,backhand,7.52,-1.69,3.26,26.24,7440.6
